test group,test name,loop counter,send time,answer time,message,trace hops
marvin-wsl-eduroam,marvin-wsl-eduroam-1000,0,0:00:00.000031,0:00:00.003380,609,4
marvin-wsl-eduroam,marvin-wsl-eduroam-1000,1,0:00:00.000010,0:00:00.003560,609,4
marvin-wsl-eduroam,marvin-wsl-eduroam-1000,2,0:00:00.000009,0:00:00.002975,609,4
marvin-wsl-eduroam,marvin-wsl-eduroam-1000,3,0:00:00.000014,0:00:00.002861,609,4
marvin-wsl-eduroam,marvin-wsl-eduroam-1000,4,0:00:00.000008,0:00:00.005086,609,4
marvin-wsl-eduroam,marvin-wsl-eduroam-1000,5,0:00:00.000008,0:00:00.003815,609,4
marvin-wsl-eduroam,marvin-wsl-eduroam-1000,6,0:00:00.000010,0:00:00.003030,609,4
marvin-wsl-eduroam,marvin-wsl-eduroam-1000,7,0:00:00.000038,0:00:00.003014,609,4
marvin-wsl-eduroam,marvin-wsl-eduroam-1000,8,0:00:00.000009,0:00:00.002957,609,4
marvin-wsl-eduroam,marvin-wsl-eduroam-1000,9,0:00:00.000017,0:00:00.003257,609,4
marvin-wsl-eduroam,marvin-wsl-eduroam-1000,10,0:00:00.000010,0:00:00.014341,609,4
marvin-wsl-eduroam,marvin-wsl-eduroam-1000,11,0:00:00.000014,0:00:00.004480,609,4
marvin-wsl-eduroam,marvin-wsl-eduroam-1000,12,0:00:00.000016,0:00:00.003600,609,4
marvin-wsl-eduroam,marvin-wsl-eduroam-1000,13,0:00:00.000012,0:00:00.002988,609,4
marvin-wsl-eduroam,marvin-wsl-eduroam-1000,14,0:00:00.000011,0:00:00.002968,609,4
marvin-wsl-eduroam,marvin-wsl-eduroam-1000,15,0:00:00.000010,0:00:00.003134,609,4
marvin-wsl-eduroam,marvin-wsl-eduroam-1000,16,0:00:00.000011,0:00:00.002994,609,4
marvin-wsl-eduroam,marvin-wsl-eduroam-1000,17,0:00:00.000067,0:00:00.003995,609,4
marvin-wsl-eduroam,marvin-wsl-eduroam-1000,18,0:00:00.000015,0:00:00.003202,609,4
marvin-wsl-eduroam,marvin-wsl-eduroam-1000,19,0:00:00.000011,0:00:00.002322,609,4
marvin-wsl-eduroam,marvin-wsl-eduroam-1000,20,0:00:00.000007,0:00:00.003068,609,4
marvin-wsl-eduroam,marvin-wsl-eduroam-1000,21,0:00:00.000006,0:00:00.004049,609,4
marvin-wsl-eduroam,marvin-wsl-eduroam-1000,22,0:00:00.000010,0:00:00.003825,609,4
marvin-wsl-eduroam,marvin-wsl-eduroam-1000,23,0:00:00.000011,0:00:00.002955,609,4
marvin-wsl-eduroam,marvin-wsl-eduroam-1000,24,0:00:00.000009,0:00:00.003939,609,4
marvin-wsl-eduroam,marvin-wsl-eduroam-1000,25,0:00:00.000008,0:00:00.004125,609,4
marvin-wsl-eduroam,marvin-wsl-eduroam-1000,26,0:00:00.000018,0:00:00.002942,609,4
marvin-wsl-eduroam,marvin-wsl-eduroam-1000,27,0:00:00.000010,0:00:00.002888,609,4
marvin-wsl-eduroam,marvin-wsl-eduroam-1000,28,0:00:00.000010,0:00:00.002908,609,4
marvin-wsl-eduroam,marvin-wsl-eduroam-1000,29,0:00:00.000009,0:00:00.003077,609,4
marvin-wsl-eduroam,marvin-wsl-eduroam-1000,30,0:00:00.000010,0:00:00.003047,609,4
marvin-wsl-eduroam,marvin-wsl-eduroam-1000,31,0:00:00.000010,0:00:00.004526,609,4
marvin-wsl-eduroam,marvin-wsl-eduroam-1000,32,0:00:00.000010,0:00:00.002503,609,4
marvin-wsl-eduroam,marvin-wsl-eduroam-1000,33,0:00:00.000015,0:00:00.003606,609,4
marvin-wsl-eduroam,marvin-wsl-eduroam-1000,34,0:00:00.000010,0:00:00.003677,609,4
marvin-wsl-eduroam,marvin-wsl-eduroam-1000,35,0:00:00.000013,0:00:00.003218,609,4
marvin-wsl-eduroam,marvin-wsl-eduroam-1000,36,0:00:00.000010,0:00:00.003568,609,4
marvin-wsl-eduroam,marvin-wsl-eduroam-1000,37,0:00:00.000010,0:00:00.003850,609,4
marvin-wsl-eduroam,marvin-wsl-eduroam-1000,38,0:00:00.000028,0:00:00.007872,609,4
marvin-wsl-eduroam,marvin-wsl-eduroam-1000,39,0:00:00.000031,0:00:00.003074,609,4
marvin-wsl-eduroam,marvin-wsl-eduroam-1000,40,0:00:00.000013,0:00:00.005126,609,4
marvin-wsl-eduroam,marvin-wsl-eduroam-1000,41,0:00:00.000019,0:00:00.003655,609,4
marvin-wsl-eduroam,marvin-wsl-eduroam-1000,42,0:00:00.000040,0:00:00.002617,609,4
marvin-wsl-eduroam,marvin-wsl-eduroam-1000,43,0:00:00.000019,0:00:00.003406,609,4
marvin-wsl-eduroam,marvin-wsl-eduroam-1000,44,0:00:00.000030,0:00:00.003953,609,4
marvin-wsl-eduroam,marvin-wsl-eduroam-1000,45,0:00:00.000039,0:00:00.003179,609,4
marvin-wsl-eduroam,marvin-wsl-eduroam-1000,46,0:00:00.000044,0:00:00.004564,609,4
marvin-wsl-eduroam,marvin-wsl-eduroam-1000,47,0:00:00.000041,0:00:00.003825,609,4
marvin-wsl-eduroam,marvin-wsl-eduroam-1000,48,0:00:00.000065,0:00:00.003131,609,4
marvin-wsl-eduroam,marvin-wsl-eduroam-1000,49,0:00:00.000048,0:00:00.003352,609,4
marvin-wsl-eduroam,marvin-wsl-eduroam-1000,50,0:00:00.000053,0:00:00.003714,609,4
marvin-wsl-eduroam,marvin-wsl-eduroam-1000,51,0:00:00.000032,0:00:00.006044,609,4
marvin-wsl-eduroam,marvin-wsl-eduroam-1000,52,0:00:00.000015,0:00:00.004196,609,4
marvin-wsl-eduroam,marvin-wsl-eduroam-1000,53,0:00:00.000019,0:00:00.003842,609,4
marvin-wsl-eduroam,marvin-wsl-eduroam-1000,54,0:00:00.000018,0:00:00.004097,609,4
marvin-wsl-eduroam,marvin-wsl-eduroam-1000,55,0:00:00.000017,0:00:00.003013,609,4
marvin-wsl-eduroam,marvin-wsl-eduroam-1000,56,0:00:00.000018,0:00:00.002993,609,4
marvin-wsl-eduroam,marvin-wsl-eduroam-1000,57,0:00:00.000017,0:00:00.002685,609,4
marvin-wsl-eduroam,marvin-wsl-eduroam-1000,58,0:00:00.000037,0:00:00.005576,609,4
marvin-wsl-eduroam,marvin-wsl-eduroam-1000,59,0:00:00.000038,0:00:00.003868,609,4
marvin-wsl-eduroam,marvin-wsl-eduroam-1000,60,0:00:00.000019,0:00:00.003315,609,4
marvin-wsl-eduroam,marvin-wsl-eduroam-1000,61,0:00:00.000025,0:00:00.003267,609,4
marvin-wsl-eduroam,marvin-wsl-eduroam-1000,62,0:00:00.000019,0:00:00.002958,609,4
marvin-wsl-eduroam,marvin-wsl-eduroam-1000,63,0:00:00.000029,0:00:00.002609,609,4
marvin-wsl-eduroam,marvin-wsl-eduroam-1000,64,0:00:00.000025,0:00:00.003114,609,4
marvin-wsl-eduroam,marvin-wsl-eduroam-1000,65,0:00:00.000020,0:00:00.006828,609,4
marvin-wsl-eduroam,marvin-wsl-eduroam-1000,66,0:00:00.000063,0:00:00.003584,609,4
marvin-wsl-eduroam,marvin-wsl-eduroam-1000,67,0:00:00.000056,0:00:00.002713,609,4
marvin-wsl-eduroam,marvin-wsl-eduroam-1000,68,0:00:00.000037,0:00:00.003402,609,4
marvin-wsl-eduroam,marvin-wsl-eduroam-1000,69,0:00:00.000049,0:00:00.003407,609,4
marvin-wsl-eduroam,marvin-wsl-eduroam-1000,70,0:00:00.000061,0:00:00.003195,609,4
marvin-wsl-eduroam,marvin-wsl-eduroam-1000,71,0:00:00.000051,0:00:00.003133,609,4
marvin-wsl-eduroam,marvin-wsl-eduroam-1000,72,0:00:00.000034,0:00:00.003210,609,4
marvin-wsl-eduroam,marvin-wsl-eduroam-1000,73,0:00:00.000025,0:00:00.003193,609,4
marvin-wsl-eduroam,marvin-wsl-eduroam-1000,74,0:00:00.000027,0:00:00.004487,609,4
marvin-wsl-eduroam,marvin-wsl-eduroam-1000,75,0:00:00.000040,0:00:00.003000,609,4
marvin-wsl-eduroam,marvin-wsl-eduroam-1000,76,0:00:00.000044,0:00:00.004278,609,4
marvin-wsl-eduroam,marvin-wsl-eduroam-1000,77,0:00:00.000035,0:00:00.003653,609,4
marvin-wsl-eduroam,marvin-wsl-eduroam-1000,78,0:00:00.000038,0:00:00.004526,609,4
marvin-wsl-eduroam,marvin-wsl-eduroam-1000,79,0:00:00.000064,0:00:00.002841,609,4
marvin-wsl-eduroam,marvin-wsl-eduroam-1000,80,0:00:00.000028,0:00:00.002717,609,4
marvin-wsl-eduroam,marvin-wsl-eduroam-1000,81,0:00:00.000017,0:00:00.003482,609,4
marvin-wsl-eduroam,marvin-wsl-eduroam-1000,82,0:00:00.000047,0:00:00.003161,609,4
marvin-wsl-eduroam,marvin-wsl-eduroam-1000,83,0:00:00.000021,0:00:00.003583,609,4
marvin-wsl-eduroam,marvin-wsl-eduroam-1000,84,0:00:00.000042,0:00:00.003484,609,4
marvin-wsl-eduroam,marvin-wsl-eduroam-1000,85,0:00:00.000032,0:00:00.006107,609,4
marvin-wsl-eduroam,marvin-wsl-eduroam-1000,86,0:00:00.000051,0:00:00.003385,609,4
marvin-wsl-eduroam,marvin-wsl-eduroam-1000,87,0:00:00.000047,0:00:00.003596,609,4
marvin-wsl-eduroam,marvin-wsl-eduroam-1000,88,0:00:00.000058,0:00:00.004527,609,4
marvin-wsl-eduroam,marvin-wsl-eduroam-1000,89,0:00:00.000061,0:00:00.003517,609,4
marvin-wsl-eduroam,marvin-wsl-eduroam-1000,90,0:00:00.000026,0:00:00.002664,609,4
marvin-wsl-eduroam,marvin-wsl-eduroam-1000,91,0:00:00.000036,0:00:00.007425,609,4
marvin-wsl-eduroam,marvin-wsl-eduroam-1000,92,0:00:00.000038,0:00:00.003788,609,4
marvin-wsl-eduroam,marvin-wsl-eduroam-1000,93,0:00:00.000068,0:00:00.003482,609,4
marvin-wsl-eduroam,marvin-wsl-eduroam-1000,94,0:00:00.000029,0:00:00.002961,609,4
marvin-wsl-eduroam,marvin-wsl-eduroam-1000,95,0:00:00.000007,0:00:00.002953,609,4
marvin-wsl-eduroam,marvin-wsl-eduroam-1000,96,0:00:00.000023,0:00:00.003308,609,4
marvin-wsl-eduroam,marvin-wsl-eduroam-1000,97,0:00:00.000033,0:00:00.004838,609,4
marvin-wsl-eduroam,marvin-wsl-eduroam-1000,98,0:00:00.000031,0:00:00.003747,609,4
marvin-wsl-eduroam,marvin-wsl-eduroam-1000,99,0:00:00.000041,0:00:00.003665,609,4
marvin-wsl-eduroam,marvin-wsl-eduroam-1000,100,0:00:00.000097,0:00:00.003908,609,4
marvin-wsl-eduroam,marvin-wsl-eduroam-1000,101,0:00:00.000058,0:00:00.002959,609,4
marvin-wsl-eduroam,marvin-wsl-eduroam-1000,102,0:00:00.000043,0:00:00.002299,609,4
marvin-wsl-eduroam,marvin-wsl-eduroam-1000,103,0:00:00.000017,0:00:00.003479,609,4
marvin-wsl-eduroam,marvin-wsl-eduroam-1000,104,0:00:00.000044,0:00:00.002599,609,4
marvin-wsl-eduroam,marvin-wsl-eduroam-1000,105,0:00:00.000026,0:00:00.003811,609,4
marvin-wsl-eduroam,marvin-wsl-eduroam-1000,106,0:00:00.000037,0:00:00.003324,609,4
marvin-wsl-eduroam,marvin-wsl-eduroam-1000,107,0:00:00.000058,0:00:00.002617,609,4
marvin-wsl-eduroam,marvin-wsl-eduroam-1000,108,0:00:00.000033,0:00:00.004192,609,4
marvin-wsl-eduroam,marvin-wsl-eduroam-1000,109,0:00:00.000026,0:00:00.002682,609,4
marvin-wsl-eduroam,marvin-wsl-eduroam-1000,110,0:00:00.000025,0:00:00.003151,609,4
marvin-wsl-eduroam,marvin-wsl-eduroam-1000,111,0:00:00.000031,0:00:00.004991,609,4
marvin-wsl-eduroam,marvin-wsl-eduroam-1000,112,0:00:00.000029,0:00:00.003340,609,4
marvin-wsl-eduroam,marvin-wsl-eduroam-1000,113,0:00:00.000021,0:00:00.002966,609,4
marvin-wsl-eduroam,marvin-wsl-eduroam-1000,114,0:00:00.000024,0:00:00.003145,609,4
marvin-wsl-eduroam,marvin-wsl-eduroam-1000,115,0:00:00.000027,0:00:00.002493,609,4
marvin-wsl-eduroam,marvin-wsl-eduroam-1000,116,0:00:00.000022,0:00:00.007396,609,4
marvin-wsl-eduroam,marvin-wsl-eduroam-1000,117,0:00:00.000036,0:00:00.003004,609,4
marvin-wsl-eduroam,marvin-wsl-eduroam-1000,118,0:00:00.000009,0:00:00.006633,609,4
marvin-wsl-eduroam,marvin-wsl-eduroam-1000,119,0:00:00.000057,0:00:00.003019,609,4
marvin-wsl-eduroam,marvin-wsl-eduroam-1000,120,0:00:00.000063,0:00:00.003747,609,4
marvin-wsl-eduroam,marvin-wsl-eduroam-1000,121,0:00:00.000072,0:00:00.002824,609,4
marvin-wsl-eduroam,marvin-wsl-eduroam-1000,122,0:00:00.000055,0:00:00.002978,609,4
marvin-wsl-eduroam,marvin-wsl-eduroam-1000,123,0:00:00.000040,0:00:00.002586,609,4
marvin-wsl-eduroam,marvin-wsl-eduroam-1000,124,0:00:00.000019,0:00:00.003994,609,4
marvin-wsl-eduroam,marvin-wsl-eduroam-1000,125,0:00:00.000016,0:00:00.002491,609,4
marvin-wsl-eduroam,marvin-wsl-eduroam-1000,126,0:00:00.000008,0:00:00.003176,609,4
marvin-wsl-eduroam,marvin-wsl-eduroam-1000,127,0:00:00.000006,0:00:00.003096,609,4
marvin-wsl-eduroam,marvin-wsl-eduroam-1000,128,0:00:00.000009,0:00:00.003041,609,4
marvin-wsl-eduroam,marvin-wsl-eduroam-1000,129,0:00:00.000012,0:00:00.005234,609,4
marvin-wsl-eduroam,marvin-wsl-eduroam-1000,130,0:00:00.000007,0:00:00.002585,609,4
marvin-wsl-eduroam,marvin-wsl-eduroam-1000,131,0:00:00.000009,0:00:00.003119,609,4
marvin-wsl-eduroam,marvin-wsl-eduroam-1000,132,0:00:00.000006,0:00:00.002691,609,4
marvin-wsl-eduroam,marvin-wsl-eduroam-1000,133,0:00:00.000013,0:00:00.003124,609,4
marvin-wsl-eduroam,marvin-wsl-eduroam-1000,134,0:00:00.000011,0:00:00.002773,609,4
marvin-wsl-eduroam,marvin-wsl-eduroam-1000,135,0:00:00.000012,0:00:00.003046,609,4
marvin-wsl-eduroam,marvin-wsl-eduroam-1000,136,0:00:00.000011,0:00:00.002682,609,4
marvin-wsl-eduroam,marvin-wsl-eduroam-1000,137,0:00:00.000006,0:00:00.004237,609,4
marvin-wsl-eduroam,marvin-wsl-eduroam-1000,138,0:00:00.000009,0:00:00.003540,609,4
marvin-wsl-eduroam,marvin-wsl-eduroam-1000,139,0:00:00.000012,0:00:00.002844,609,4
marvin-wsl-eduroam,marvin-wsl-eduroam-1000,140,0:00:00.000012,0:00:00.004515,609,4
marvin-wsl-eduroam,marvin-wsl-eduroam-1000,141,0:00:00.000017,0:00:00.003083,609,4
marvin-wsl-eduroam,marvin-wsl-eduroam-1000,142,0:00:00.000022,0:00:00.003334,609,4
marvin-wsl-eduroam,marvin-wsl-eduroam-1000,143,0:00:00.000023,0:00:00.005014,609,4
marvin-wsl-eduroam,marvin-wsl-eduroam-1000,144,0:00:00.000030,0:00:00.003166,609,4
marvin-wsl-eduroam,marvin-wsl-eduroam-1000,145,0:00:00.000024,0:00:00.003435,609,4
marvin-wsl-eduroam,marvin-wsl-eduroam-1000,146,0:00:00.000017,0:00:00.002615,609,4
marvin-wsl-eduroam,marvin-wsl-eduroam-1000,147,0:00:00.000012,0:00:00.007983,609,4
marvin-wsl-eduroam,marvin-wsl-eduroam-1000,148,0:00:00.000017,0:00:00.003816,609,4
marvin-wsl-eduroam,marvin-wsl-eduroam-1000,149,0:00:00.000011,0:00:00.005053,609,4
marvin-wsl-eduroam,marvin-wsl-eduroam-1000,150,0:00:00.000021,0:00:00.003646,609,4
marvin-wsl-eduroam,marvin-wsl-eduroam-1000,151,0:00:00.000025,0:00:00.004194,609,4
marvin-wsl-eduroam,marvin-wsl-eduroam-1000,152,0:00:00.000042,0:00:00.003188,609,4
marvin-wsl-eduroam,marvin-wsl-eduroam-1000,153,0:00:00.000015,0:00:00.002451,609,4
marvin-wsl-eduroam,marvin-wsl-eduroam-1000,154,0:00:00.000017,0:00:00.020549,609,4
marvin-wsl-eduroam,marvin-wsl-eduroam-1000,155,0:00:00.000022,0:00:00.008802,609,4
marvin-wsl-eduroam,marvin-wsl-eduroam-1000,156,0:00:00.000027,0:00:00.002379,609,4
marvin-wsl-eduroam,marvin-wsl-eduroam-1000,157,0:00:00.000011,0:00:00.005541,609,4
marvin-wsl-eduroam,marvin-wsl-eduroam-1000,158,0:00:00.000014,0:00:00.002425,609,4
marvin-wsl-eduroam,marvin-wsl-eduroam-1000,159,0:00:00.000010,0:00:00.015717,609,4
marvin-wsl-eduroam,marvin-wsl-eduroam-1000,160,0:00:00.000015,0:00:00.003448,609,4
marvin-wsl-eduroam,marvin-wsl-eduroam-1000,161,0:00:00.000015,0:00:00.002711,609,4
marvin-wsl-eduroam,marvin-wsl-eduroam-1000,162,0:00:00.000013,0:00:00.004405,609,4
marvin-wsl-eduroam,marvin-wsl-eduroam-1000,163,0:00:00.000011,0:00:00.002448,609,4
marvin-wsl-eduroam,marvin-wsl-eduroam-1000,164,0:00:00.000010,0:00:00.003332,609,4
marvin-wsl-eduroam,marvin-wsl-eduroam-1000,165,0:00:00.000010,0:00:00.007543,609,4
marvin-wsl-eduroam,marvin-wsl-eduroam-1000,166,0:00:00.000017,0:00:00.004104,609,4
marvin-wsl-eduroam,marvin-wsl-eduroam-1000,167,0:00:00.000011,0:00:00.003886,609,4
marvin-wsl-eduroam,marvin-wsl-eduroam-1000,168,0:00:00.000010,0:00:00.003703,609,4
marvin-wsl-eduroam,marvin-wsl-eduroam-1000,169,0:00:00.000010,0:00:00.003189,609,4
marvin-wsl-eduroam,marvin-wsl-eduroam-1000,170,0:00:00.000011,0:00:00.006987,609,4
marvin-wsl-eduroam,marvin-wsl-eduroam-1000,171,0:00:00.000016,0:00:00.003164,609,4
marvin-wsl-eduroam,marvin-wsl-eduroam-1000,172,0:00:00.000011,0:00:00.003201,609,4
marvin-wsl-eduroam,marvin-wsl-eduroam-1000,173,0:00:00.000012,0:00:00.002557,609,4
marvin-wsl-eduroam,marvin-wsl-eduroam-1000,174,0:00:00.000014,0:00:00.003670,609,4
marvin-wsl-eduroam,marvin-wsl-eduroam-1000,175,0:00:00.000009,0:00:00.003169,609,4
marvin-wsl-eduroam,marvin-wsl-eduroam-1000,176,0:00:00.000006,0:00:00.004265,609,4
marvin-wsl-eduroam,marvin-wsl-eduroam-1000,177,0:00:00.000010,0:00:00.002552,609,4
marvin-wsl-eduroam,marvin-wsl-eduroam-1000,178,0:00:00.000010,0:00:00.004310,609,4
marvin-wsl-eduroam,marvin-wsl-eduroam-1000,179,0:00:00.000007,0:00:00.003869,609,4
marvin-wsl-eduroam,marvin-wsl-eduroam-1000,180,0:00:00.000010,0:00:00.003228,609,4
marvin-wsl-eduroam,marvin-wsl-eduroam-1000,181,0:00:00.000006,0:00:00.004658,609,4
marvin-wsl-eduroam,marvin-wsl-eduroam-1000,182,0:00:00.000024,0:00:00.003764,609,4
marvin-wsl-eduroam,marvin-wsl-eduroam-1000,183,0:00:00.000023,0:00:00.003616,609,4
marvin-wsl-eduroam,marvin-wsl-eduroam-1000,184,0:00:00.000025,0:00:00.004171,609,4
marvin-wsl-eduroam,marvin-wsl-eduroam-1000,185,0:00:00.000021,0:00:00.003649,609,4
marvin-wsl-eduroam,marvin-wsl-eduroam-1000,186,0:00:00.000029,0:00:00.002777,609,4
marvin-wsl-eduroam,marvin-wsl-eduroam-1000,187,0:00:00.000016,0:00:00.002412,609,4
marvin-wsl-eduroam,marvin-wsl-eduroam-1000,188,0:00:00.000010,0:00:00.003092,609,4
marvin-wsl-eduroam,marvin-wsl-eduroam-1000,189,0:00:00.000011,0:00:00.003188,609,4
marvin-wsl-eduroam,marvin-wsl-eduroam-1000,190,0:00:00.000009,0:00:00.003686,609,4
marvin-wsl-eduroam,marvin-wsl-eduroam-1000,191,0:00:00.000011,0:00:00.003368,609,4
marvin-wsl-eduroam,marvin-wsl-eduroam-1000,192,0:00:00.000012,0:00:00.005991,609,4
marvin-wsl-eduroam,marvin-wsl-eduroam-1000,193,0:00:00.000010,0:00:00.003320,609,4
marvin-wsl-eduroam,marvin-wsl-eduroam-1000,194,0:00:00.000011,0:00:00.003429,609,4
marvin-wsl-eduroam,marvin-wsl-eduroam-1000,195,0:00:00.000015,0:00:00.002804,609,4
marvin-wsl-eduroam,marvin-wsl-eduroam-1000,196,0:00:00.000010,0:00:00.003215,609,4
marvin-wsl-eduroam,marvin-wsl-eduroam-1000,197,0:00:00.000011,0:00:00.002331,609,4
marvin-wsl-eduroam,marvin-wsl-eduroam-1000,198,0:00:00.000012,0:00:00.002846,609,4
marvin-wsl-eduroam,marvin-wsl-eduroam-1000,199,0:00:00.000009,0:00:00.003192,609,4
marvin-wsl-eduroam,marvin-wsl-eduroam-1000,200,0:00:00.000010,0:00:00.002453,609,4
marvin-wsl-eduroam,marvin-wsl-eduroam-1000,201,0:00:00.000013,0:00:00.003738,609,4
marvin-wsl-eduroam,marvin-wsl-eduroam-1000,202,0:00:00.000010,0:00:00.003315,609,4
marvin-wsl-eduroam,marvin-wsl-eduroam-1000,203,0:00:00.000018,0:00:00.002558,609,4
marvin-wsl-eduroam,marvin-wsl-eduroam-1000,204,0:00:00.000009,0:00:00.004604,609,4
marvin-wsl-eduroam,marvin-wsl-eduroam-1000,205,0:00:00.000022,0:00:00.004497,609,4
marvin-wsl-eduroam,marvin-wsl-eduroam-1000,206,0:00:00.000023,0:00:00.002285,609,4
marvin-wsl-eduroam,marvin-wsl-eduroam-1000,207,0:00:00.000022,0:00:00.002728,609,4
marvin-wsl-eduroam,marvin-wsl-eduroam-1000,208,0:00:00.000022,0:00:00.003700,609,4
marvin-wsl-eduroam,marvin-wsl-eduroam-1000,209,0:00:00.000014,0:00:00.002953,609,4
marvin-wsl-eduroam,marvin-wsl-eduroam-1000,210,0:00:00.000009,0:00:00.003167,609,4
marvin-wsl-eduroam,marvin-wsl-eduroam-1000,211,0:00:00.000008,0:00:00.003213,609,4
marvin-wsl-eduroam,marvin-wsl-eduroam-1000,212,0:00:00.000010,0:00:00.002906,609,4
marvin-wsl-eduroam,marvin-wsl-eduroam-1000,213,0:00:00.000008,0:00:00.002912,609,4
marvin-wsl-eduroam,marvin-wsl-eduroam-1000,214,0:00:00.000011,0:00:00.002866,609,4
marvin-wsl-eduroam,marvin-wsl-eduroam-1000,215,0:00:00.000013,0:00:00.003655,609,4
marvin-wsl-eduroam,marvin-wsl-eduroam-1000,216,0:00:00.000008,0:00:00.003013,609,4
marvin-wsl-eduroam,marvin-wsl-eduroam-1000,217,0:00:00.000025,0:00:00.003028,609,4
marvin-wsl-eduroam,marvin-wsl-eduroam-1000,218,0:00:00.000010,0:00:00.003239,609,4
marvin-wsl-eduroam,marvin-wsl-eduroam-1000,219,0:00:00.000016,0:00:00.002596,609,4
marvin-wsl-eduroam,marvin-wsl-eduroam-1000,220,0:00:00.000009,0:00:00.003614,609,4
marvin-wsl-eduroam,marvin-wsl-eduroam-1000,221,0:00:00.000014,0:00:00.002999,609,4
marvin-wsl-eduroam,marvin-wsl-eduroam-1000,222,0:00:00.000014,0:00:00.002655,609,4
marvin-wsl-eduroam,marvin-wsl-eduroam-1000,223,0:00:00.000010,0:00:00.006529,609,4
marvin-wsl-eduroam,marvin-wsl-eduroam-1000,224,0:00:00.000014,0:00:00.003176,609,4
marvin-wsl-eduroam,marvin-wsl-eduroam-1000,225,0:00:00.000018,0:00:00.003024,609,4
marvin-wsl-eduroam,marvin-wsl-eduroam-1000,226,0:00:00.000012,0:00:00.003866,609,4
marvin-wsl-eduroam,marvin-wsl-eduroam-1000,227,0:00:00.000023,0:00:00.004785,609,4
marvin-wsl-eduroam,marvin-wsl-eduroam-1000,228,0:00:00.000029,0:00:00.004226,609,4
marvin-wsl-eduroam,marvin-wsl-eduroam-1000,229,0:00:00.000029,0:00:00.004400,609,4
marvin-wsl-eduroam,marvin-wsl-eduroam-1000,230,0:00:00.000047,0:00:00.004028,609,4
marvin-wsl-eduroam,marvin-wsl-eduroam-1000,231,0:00:00.000020,0:00:00.003184,609,4
marvin-wsl-eduroam,marvin-wsl-eduroam-1000,232,0:00:00.000020,0:00:00.003416,609,4
marvin-wsl-eduroam,marvin-wsl-eduroam-1000,233,0:00:00.000011,0:00:00.003326,609,4
marvin-wsl-eduroam,marvin-wsl-eduroam-1000,234,0:00:00.000015,0:00:00.003383,609,4
marvin-wsl-eduroam,marvin-wsl-eduroam-1000,235,0:00:00.000010,0:00:00.003758,609,4
marvin-wsl-eduroam,marvin-wsl-eduroam-1000,236,0:00:00.000009,0:00:00.002553,609,4
marvin-wsl-eduroam,marvin-wsl-eduroam-1000,237,0:00:00.000007,0:00:00.003901,609,4
marvin-wsl-eduroam,marvin-wsl-eduroam-1000,238,0:00:00.000009,0:00:00.003092,609,4
marvin-wsl-eduroam,marvin-wsl-eduroam-1000,239,0:00:00.000009,0:00:00.005048,609,4
marvin-wsl-eduroam,marvin-wsl-eduroam-1000,240,0:00:00.000022,0:00:00.003026,609,4
marvin-wsl-eduroam,marvin-wsl-eduroam-1000,241,0:00:00.000010,0:00:00.002977,609,4
marvin-wsl-eduroam,marvin-wsl-eduroam-1000,242,0:00:00.000010,0:00:00.002973,609,4
marvin-wsl-eduroam,marvin-wsl-eduroam-1000,243,0:00:00.000009,0:00:00.006910,609,4
marvin-wsl-eduroam,marvin-wsl-eduroam-1000,244,0:00:00.000014,0:00:00.003864,609,4
marvin-wsl-eduroam,marvin-wsl-eduroam-1000,245,0:00:00.000016,0:00:00.003813,609,4
marvin-wsl-eduroam,marvin-wsl-eduroam-1000,246,0:00:00.000009,0:00:00.003008,609,4
marvin-wsl-eduroam,marvin-wsl-eduroam-1000,247,0:00:00.000008,0:00:00.003714,609,4
marvin-wsl-eduroam,marvin-wsl-eduroam-1000,248,0:00:00.000017,0:00:00.003210,609,4
marvin-wsl-eduroam,marvin-wsl-eduroam-1000,249,0:00:00.000009,0:00:00.002898,609,4
marvin-wsl-eduroam,marvin-wsl-eduroam-1000,250,0:00:00.000010,0:00:00.008021,609,4
marvin-wsl-eduroam,marvin-wsl-eduroam-1000,251,0:00:00.000036,0:00:00.003230,609,4
marvin-wsl-eduroam,marvin-wsl-eduroam-1000,252,0:00:00.000010,0:00:00.002802,609,4
marvin-wsl-eduroam,marvin-wsl-eduroam-1000,253,0:00:00.000010,0:00:00.003097,609,4
marvin-wsl-eduroam,marvin-wsl-eduroam-1000,254,0:00:00.000010,0:00:00.003023,609,4
marvin-wsl-eduroam,marvin-wsl-eduroam-1000,255,0:00:00.000009,0:00:00.002598,609,4
marvin-wsl-eduroam,marvin-wsl-eduroam-1000,256,0:00:00.000009,0:00:00.003652,609,4
marvin-wsl-eduroam,marvin-wsl-eduroam-1000,257,0:00:00.000017,0:00:00.002354,609,4
marvin-wsl-eduroam,marvin-wsl-eduroam-1000,258,0:00:00.000012,0:00:00.003988,609,4
marvin-wsl-eduroam,marvin-wsl-eduroam-1000,259,0:00:00.000010,0:00:00.004376,609,4
marvin-wsl-eduroam,marvin-wsl-eduroam-1000,260,0:00:00.000010,0:00:00.005774,609,4
marvin-wsl-eduroam,marvin-wsl-eduroam-1000,261,0:00:00.000011,0:00:00.002648,609,4
marvin-wsl-eduroam,marvin-wsl-eduroam-1000,262,0:00:00.000031,0:00:00.003435,609,4
marvin-wsl-eduroam,marvin-wsl-eduroam-1000,263,0:00:00.000011,0:00:00.002512,609,4
marvin-wsl-eduroam,marvin-wsl-eduroam-1000,264,0:00:00.000010,0:00:00.003192,609,4
marvin-wsl-eduroam,marvin-wsl-eduroam-1000,265,0:00:00.000011,0:00:00.003006,609,4
marvin-wsl-eduroam,marvin-wsl-eduroam-1000,266,0:00:00.000010,0:00:00.002724,609,4
marvin-wsl-eduroam,marvin-wsl-eduroam-1000,267,0:00:00.000010,0:00:00.003767,609,4
marvin-wsl-eduroam,marvin-wsl-eduroam-1000,268,0:00:00.000010,0:00:00.003339,609,4
marvin-wsl-eduroam,marvin-wsl-eduroam-1000,269,0:00:00.000016,0:00:00.003366,609,4
marvin-wsl-eduroam,marvin-wsl-eduroam-1000,270,0:00:00.000013,0:00:00.002563,609,4
marvin-wsl-eduroam,marvin-wsl-eduroam-1000,271,0:00:00.000015,0:00:00.004652,609,4
marvin-wsl-eduroam,marvin-wsl-eduroam-1000,272,0:00:00.000011,0:00:00.004339,609,4
marvin-wsl-eduroam,marvin-wsl-eduroam-1000,273,0:00:00.000009,0:00:00.004267,609,4
marvin-wsl-eduroam,marvin-wsl-eduroam-1000,274,0:00:00.000012,0:00:00.005739,609,4
marvin-wsl-eduroam,marvin-wsl-eduroam-1000,275,0:00:00.000035,0:00:00.003964,609,4
marvin-wsl-eduroam,marvin-wsl-eduroam-1000,276,0:00:00.000015,0:00:00.002448,609,4
marvin-wsl-eduroam,marvin-wsl-eduroam-1000,277,0:00:00.000011,0:00:00.003007,609,4
marvin-wsl-eduroam,marvin-wsl-eduroam-1000,278,0:00:00.000013,0:00:00.006717,609,4
marvin-wsl-eduroam,marvin-wsl-eduroam-1000,279,0:00:00.000030,0:00:00.003692,609,4
marvin-wsl-eduroam,marvin-wsl-eduroam-1000,280,0:00:00.000025,0:00:00.002761,609,4
marvin-wsl-eduroam,marvin-wsl-eduroam-1000,281,0:00:00.000022,0:00:00.004524,609,4
marvin-wsl-eduroam,marvin-wsl-eduroam-1000,282,0:00:00.000021,0:00:00.003535,609,4
marvin-wsl-eduroam,marvin-wsl-eduroam-1000,283,0:00:00.000010,0:00:00.002242,609,4
marvin-wsl-eduroam,marvin-wsl-eduroam-1000,284,0:00:00.000010,0:00:00.003258,609,4
marvin-wsl-eduroam,marvin-wsl-eduroam-1000,285,0:00:00.000010,0:00:00.003342,609,4
marvin-wsl-eduroam,marvin-wsl-eduroam-1000,286,0:00:00.000010,0:00:00.003356,609,4
marvin-wsl-eduroam,marvin-wsl-eduroam-1000,287,0:00:00.000010,0:00:00.003740,609,4
marvin-wsl-eduroam,marvin-wsl-eduroam-1000,288,0:00:00.000011,0:00:00.003024,609,4
marvin-wsl-eduroam,marvin-wsl-eduroam-1000,289,0:00:00.000010,0:00:00.003048,609,4
marvin-wsl-eduroam,marvin-wsl-eduroam-1000,290,0:00:00.000008,0:00:00.002997,609,4
marvin-wsl-eduroam,marvin-wsl-eduroam-1000,291,0:00:00.000008,0:00:00.003499,609,4
marvin-wsl-eduroam,marvin-wsl-eduroam-1000,292,0:00:00.000009,0:00:00.002874,609,4
marvin-wsl-eduroam,marvin-wsl-eduroam-1000,293,0:00:00.000016,0:00:00.002749,609,4
marvin-wsl-eduroam,marvin-wsl-eduroam-1000,294,0:00:00.000032,0:00:00.003342,609,4
marvin-wsl-eduroam,marvin-wsl-eduroam-1000,295,0:00:00.000011,0:00:00.002631,609,4
marvin-wsl-eduroam,marvin-wsl-eduroam-1000,296,0:00:00.000012,0:00:00.003308,609,4
marvin-wsl-eduroam,marvin-wsl-eduroam-1000,297,0:00:00.000010,0:00:00.002711,609,4
marvin-wsl-eduroam,marvin-wsl-eduroam-1000,298,0:00:00.000010,0:00:00.003438,609,4
marvin-wsl-eduroam,marvin-wsl-eduroam-1000,299,0:00:00.000011,0:00:00.002388,609,4
marvin-wsl-eduroam,marvin-wsl-eduroam-1000,300,0:00:00.000014,0:00:00.003542,609,4
marvin-wsl-eduroam,marvin-wsl-eduroam-1000,301,0:00:00.000011,0:00:00.002854,609,4
marvin-wsl-eduroam,marvin-wsl-eduroam-1000,302,0:00:00.000010,0:00:00.008445,609,4
marvin-wsl-eduroam,marvin-wsl-eduroam-1000,303,0:00:00.000015,0:00:00.003102,609,4
marvin-wsl-eduroam,marvin-wsl-eduroam-1000,304,0:00:00.000036,0:00:00.003157,609,4
marvin-wsl-eduroam,marvin-wsl-eduroam-1000,305,0:00:00.000029,0:00:00.002680,609,4
marvin-wsl-eduroam,marvin-wsl-eduroam-1000,306,0:00:00.000025,0:00:00.002698,609,4
marvin-wsl-eduroam,marvin-wsl-eduroam-1000,307,0:00:00.000011,0:00:00.005655,609,4
marvin-wsl-eduroam,marvin-wsl-eduroam-1000,308,0:00:00.000024,0:00:00.002482,609,4
marvin-wsl-eduroam,marvin-wsl-eduroam-1000,309,0:00:00.000014,0:00:00.003158,609,4
marvin-wsl-eduroam,marvin-wsl-eduroam-1000,310,0:00:00.000009,0:00:00.003092,609,4
marvin-wsl-eduroam,marvin-wsl-eduroam-1000,311,0:00:00.000009,0:00:00.003553,609,4
marvin-wsl-eduroam,marvin-wsl-eduroam-1000,312,0:00:00.000026,0:00:00.003142,609,4
marvin-wsl-eduroam,marvin-wsl-eduroam-1000,313,0:00:00.000023,0:00:00.002924,609,4
marvin-wsl-eduroam,marvin-wsl-eduroam-1000,314,0:00:00.000023,0:00:00.002782,609,4
marvin-wsl-eduroam,marvin-wsl-eduroam-1000,315,0:00:00.000028,0:00:00.002931,609,4
marvin-wsl-eduroam,marvin-wsl-eduroam-1000,316,0:00:00.000015,0:00:00.003407,609,4
marvin-wsl-eduroam,marvin-wsl-eduroam-1000,317,0:00:00.000017,0:00:00.002413,609,4
marvin-wsl-eduroam,marvin-wsl-eduroam-1000,318,0:00:00.000038,0:00:00.002940,609,4
marvin-wsl-eduroam,marvin-wsl-eduroam-1000,319,0:00:00.000023,0:00:00.004509,609,4
marvin-wsl-eduroam,marvin-wsl-eduroam-1000,320,0:00:00.000019,0:00:00.005810,609,4
marvin-wsl-eduroam,marvin-wsl-eduroam-1000,321,0:00:00.000023,0:00:00.003454,609,4
marvin-wsl-eduroam,marvin-wsl-eduroam-1000,322,0:00:00.000023,0:00:00.003310,609,4
marvin-wsl-eduroam,marvin-wsl-eduroam-1000,323,0:00:00.000017,0:00:00.002625,609,4
marvin-wsl-eduroam,marvin-wsl-eduroam-1000,324,0:00:00.000013,0:00:00.003046,609,4
marvin-wsl-eduroam,marvin-wsl-eduroam-1000,325,0:00:00.000037,0:00:00.003331,609,4
marvin-wsl-eduroam,marvin-wsl-eduroam-1000,326,0:00:00.000033,0:00:00.003265,609,4
marvin-wsl-eduroam,marvin-wsl-eduroam-1000,327,0:00:00.000019,0:00:00.003359,609,4
marvin-wsl-eduroam,marvin-wsl-eduroam-1000,328,0:00:00.000018,0:00:00.002703,609,4
marvin-wsl-eduroam,marvin-wsl-eduroam-1000,329,0:00:00.000021,0:00:00.005997,609,4
marvin-wsl-eduroam,marvin-wsl-eduroam-1000,330,0:00:00.000042,0:00:00.003831,609,4
marvin-wsl-eduroam,marvin-wsl-eduroam-1000,331,0:00:00.000031,0:00:00.003279,609,4
marvin-wsl-eduroam,marvin-wsl-eduroam-1000,332,0:00:00.000015,0:00:00.003141,609,4
marvin-wsl-eduroam,marvin-wsl-eduroam-1000,333,0:00:00.000044,0:00:00.004748,609,4
marvin-wsl-eduroam,marvin-wsl-eduroam-1000,334,0:00:00.000046,0:00:00.004171,609,4
marvin-wsl-eduroam,marvin-wsl-eduroam-1000,335,0:00:00.000027,0:00:00.006265,609,4
marvin-wsl-eduroam,marvin-wsl-eduroam-1000,336,0:00:00.000050,0:00:00.003473,609,4
marvin-wsl-eduroam,marvin-wsl-eduroam-1000,337,0:00:00.000050,0:00:00.003588,609,4
marvin-wsl-eduroam,marvin-wsl-eduroam-1000,338,0:00:00.000042,0:00:00.003184,609,4
marvin-wsl-eduroam,marvin-wsl-eduroam-1000,339,0:00:00.000080,0:00:00.002809,609,4
marvin-wsl-eduroam,marvin-wsl-eduroam-1000,340,0:00:00.000033,0:00:00.002644,609,4
marvin-wsl-eduroam,marvin-wsl-eduroam-1000,341,0:00:00.000067,0:00:00.003585,609,4
marvin-wsl-eduroam,marvin-wsl-eduroam-1000,342,0:00:00.000074,0:00:00.003094,609,4
marvin-wsl-eduroam,marvin-wsl-eduroam-1000,343,0:00:00.000026,0:00:00.002992,609,4
marvin-wsl-eduroam,marvin-wsl-eduroam-1000,344,0:00:00.000037,0:00:00.002624,609,4
marvin-wsl-eduroam,marvin-wsl-eduroam-1000,345,0:00:00.000033,0:00:00.002950,609,4
marvin-wsl-eduroam,marvin-wsl-eduroam-1000,346,0:00:00.000035,0:00:00.003015,609,4
marvin-wsl-eduroam,marvin-wsl-eduroam-1000,347,0:00:00.000026,0:00:00.002848,609,4
marvin-wsl-eduroam,marvin-wsl-eduroam-1000,348,0:00:00.000013,0:00:00.004983,609,4
marvin-wsl-eduroam,marvin-wsl-eduroam-1000,349,0:00:00.000029,0:00:00.002761,609,4
marvin-wsl-eduroam,marvin-wsl-eduroam-1000,350,0:00:00.000019,0:00:00.003218,609,4
marvin-wsl-eduroam,marvin-wsl-eduroam-1000,351,0:00:00.000016,0:00:00.003676,609,4
marvin-wsl-eduroam,marvin-wsl-eduroam-1000,352,0:00:00.000043,0:00:00.002797,609,4
marvin-wsl-eduroam,marvin-wsl-eduroam-1000,353,0:00:00.000018,0:00:00.003082,609,4
marvin-wsl-eduroam,marvin-wsl-eduroam-1000,354,0:00:00.000018,0:00:00.002948,609,4
marvin-wsl-eduroam,marvin-wsl-eduroam-1000,355,0:00:00.000013,0:00:00.003162,609,4
marvin-wsl-eduroam,marvin-wsl-eduroam-1000,356,0:00:00.000031,0:00:00.006549,609,4
marvin-wsl-eduroam,marvin-wsl-eduroam-1000,357,0:00:00.000034,0:00:00.003353,609,4
marvin-wsl-eduroam,marvin-wsl-eduroam-1000,358,0:00:00.000055,0:00:00.004357,609,4
marvin-wsl-eduroam,marvin-wsl-eduroam-1000,359,0:00:00.000032,0:00:00.003033,609,4
marvin-wsl-eduroam,marvin-wsl-eduroam-1000,360,0:00:00.000040,0:00:00.004147,609,4
marvin-wsl-eduroam,marvin-wsl-eduroam-1000,361,0:00:00.000038,0:00:00.004079,609,4
marvin-wsl-eduroam,marvin-wsl-eduroam-1000,362,0:00:00.000055,0:00:00.002717,609,4
marvin-wsl-eduroam,marvin-wsl-eduroam-1000,363,0:00:00.000017,0:00:00.008928,609,4
marvin-wsl-eduroam,marvin-wsl-eduroam-1000,364,0:00:00.000051,0:00:00.003649,609,4
marvin-wsl-eduroam,marvin-wsl-eduroam-1000,365,0:00:00.000020,0:00:00.003495,609,4
marvin-wsl-eduroam,marvin-wsl-eduroam-1000,366,0:00:00.000036,0:00:00.003302,609,4
marvin-wsl-eduroam,marvin-wsl-eduroam-1000,367,0:00:00.000058,0:00:00.003701,609,4
marvin-wsl-eduroam,marvin-wsl-eduroam-1000,368,0:00:00.000032,0:00:00.003587,609,4
marvin-wsl-eduroam,marvin-wsl-eduroam-1000,369,0:00:00.000025,0:00:00.007278,609,4
marvin-wsl-eduroam,marvin-wsl-eduroam-1000,370,0:00:00.000030,0:00:00.005804,609,4
marvin-wsl-eduroam,marvin-wsl-eduroam-1000,371,0:00:00.000039,0:00:00.003058,609,4
marvin-wsl-eduroam,marvin-wsl-eduroam-1000,372,0:00:00.000049,0:00:00.003352,609,4
marvin-wsl-eduroam,marvin-wsl-eduroam-1000,373,0:00:00.000024,0:00:00.005174,609,4
marvin-wsl-eduroam,marvin-wsl-eduroam-1000,374,0:00:00.000036,0:00:00.004038,609,4
marvin-wsl-eduroam,marvin-wsl-eduroam-1000,375,0:00:00.000077,0:00:00.003912,609,4
marvin-wsl-eduroam,marvin-wsl-eduroam-1000,376,0:00:00.000031,0:00:00.003215,609,4
marvin-wsl-eduroam,marvin-wsl-eduroam-1000,377,0:00:00.000037,0:00:00.005412,609,4
marvin-wsl-eduroam,marvin-wsl-eduroam-1000,378,0:00:00.000032,0:00:00.004084,609,4
marvin-wsl-eduroam,marvin-wsl-eduroam-1000,379,0:00:00.000032,0:00:00.003505,609,4
marvin-wsl-eduroam,marvin-wsl-eduroam-1000,380,0:00:00.000032,0:00:00.005545,609,4
marvin-wsl-eduroam,marvin-wsl-eduroam-1000,381,0:00:00.000040,0:00:00.003126,609,4
marvin-wsl-eduroam,marvin-wsl-eduroam-1000,382,0:00:00.000048,0:00:00.004408,609,4
marvin-wsl-eduroam,marvin-wsl-eduroam-1000,383,0:00:00.000015,0:00:00.003153,609,4
marvin-wsl-eduroam,marvin-wsl-eduroam-1000,384,0:00:00.000030,0:00:00.007006,609,4
marvin-wsl-eduroam,marvin-wsl-eduroam-1000,385,0:00:00.000033,0:00:00.002777,609,4
marvin-wsl-eduroam,marvin-wsl-eduroam-1000,386,0:00:00.000023,0:00:00.005836,609,4
marvin-wsl-eduroam,marvin-wsl-eduroam-1000,387,0:00:00.000030,0:00:00.003500,609,4
marvin-wsl-eduroam,marvin-wsl-eduroam-1000,388,0:00:00.000068,0:00:00.003201,609,4
marvin-wsl-eduroam,marvin-wsl-eduroam-1000,389,0:00:00.000020,0:00:00.003142,609,4
marvin-wsl-eduroam,marvin-wsl-eduroam-1000,390,0:00:00.000020,0:00:00.003686,609,4
marvin-wsl-eduroam,marvin-wsl-eduroam-1000,391,0:00:00.000026,0:00:00.008709,609,4
marvin-wsl-eduroam,marvin-wsl-eduroam-1000,392,0:00:00.000063,0:00:00.002958,609,4
marvin-wsl-eduroam,marvin-wsl-eduroam-1000,393,0:00:00.000024,0:00:00.002880,609,4
marvin-wsl-eduroam,marvin-wsl-eduroam-1000,394,0:00:00.000017,0:00:00.004303,609,4
marvin-wsl-eduroam,marvin-wsl-eduroam-1000,395,0:00:00.000009,0:00:00.002761,609,4
marvin-wsl-eduroam,marvin-wsl-eduroam-1000,396,0:00:00.000008,0:00:00.003678,609,4
marvin-wsl-eduroam,marvin-wsl-eduroam-1000,397,0:00:00.000013,0:00:00.003030,609,4
marvin-wsl-eduroam,marvin-wsl-eduroam-1000,398,0:00:00.000012,0:00:00.002319,609,4
marvin-wsl-eduroam,marvin-wsl-eduroam-1000,399,0:00:00.000010,0:00:00.003272,609,4
marvin-wsl-eduroam,marvin-wsl-eduroam-1000,400,0:00:00.000010,0:00:00.003121,609,4
marvin-wsl-eduroam,marvin-wsl-eduroam-1000,401,0:00:00.000007,0:00:00.003631,609,4
marvin-wsl-eduroam,marvin-wsl-eduroam-1000,402,0:00:00.000008,0:00:00.003624,609,4
marvin-wsl-eduroam,marvin-wsl-eduroam-1000,403,0:00:00.000007,0:00:00.003241,609,4
marvin-wsl-eduroam,marvin-wsl-eduroam-1000,404,0:00:00.000012,0:00:00.003400,609,4
marvin-wsl-eduroam,marvin-wsl-eduroam-1000,405,0:00:00.000015,0:00:00.003038,609,4
marvin-wsl-eduroam,marvin-wsl-eduroam-1000,406,0:00:00.000011,0:00:00.003087,609,4
marvin-wsl-eduroam,marvin-wsl-eduroam-1000,407,0:00:00.000010,0:00:00.004496,609,4
marvin-wsl-eduroam,marvin-wsl-eduroam-1000,408,0:00:00.000030,0:00:00.003716,609,4
marvin-wsl-eduroam,marvin-wsl-eduroam-1000,409,0:00:00.000021,0:00:00.003146,609,4
marvin-wsl-eduroam,marvin-wsl-eduroam-1000,410,0:00:00.000031,0:00:00.003391,609,4
marvin-wsl-eduroam,marvin-wsl-eduroam-1000,411,0:00:00.000023,0:00:00.003350,609,4
marvin-wsl-eduroam,marvin-wsl-eduroam-1000,412,0:00:00.000017,0:00:00.002713,609,4
marvin-wsl-eduroam,marvin-wsl-eduroam-1000,413,0:00:00.000034,0:00:00.014882,609,4
marvin-wsl-eduroam,marvin-wsl-eduroam-1000,414,0:00:00.000023,0:00:00.003663,609,4
marvin-wsl-eduroam,marvin-wsl-eduroam-1000,415,0:00:00.000021,0:00:00.003681,609,4
marvin-wsl-eduroam,marvin-wsl-eduroam-1000,416,0:00:00.000010,0:00:00.002803,609,4
marvin-wsl-eduroam,marvin-wsl-eduroam-1000,417,0:00:00.000010,0:00:00.002803,609,4
marvin-wsl-eduroam,marvin-wsl-eduroam-1000,418,0:00:00.000024,0:00:00.002789,609,4
marvin-wsl-eduroam,marvin-wsl-eduroam-1000,419,0:00:00.000009,0:00:00.003212,609,4
marvin-wsl-eduroam,marvin-wsl-eduroam-1000,420,0:00:00.000009,0:00:00.013179,609,4
marvin-wsl-eduroam,marvin-wsl-eduroam-1000,421,0:00:00.000025,0:00:00.005621,609,4
marvin-wsl-eduroam,marvin-wsl-eduroam-1000,422,0:00:00.000020,0:00:00.009666,609,4
marvin-wsl-eduroam,marvin-wsl-eduroam-1000,423,0:00:00.000036,0:00:00.003596,609,4
marvin-wsl-eduroam,marvin-wsl-eduroam-1000,424,0:00:00.000012,0:00:00.002896,609,4
marvin-wsl-eduroam,marvin-wsl-eduroam-1000,425,0:00:00.000011,0:00:00.005895,609,4
marvin-wsl-eduroam,marvin-wsl-eduroam-1000,426,0:00:00.000020,0:00:00.006211,609,4
marvin-wsl-eduroam,marvin-wsl-eduroam-1000,427,0:00:00.000021,0:00:00.003039,609,4
marvin-wsl-eduroam,marvin-wsl-eduroam-1000,428,0:00:00.000019,0:00:00.002948,609,4
marvin-wsl-eduroam,marvin-wsl-eduroam-1000,429,0:00:00.000020,0:00:00.003289,609,4
marvin-wsl-eduroam,marvin-wsl-eduroam-1000,430,0:00:00.000020,0:00:00.002711,609,4
marvin-wsl-eduroam,marvin-wsl-eduroam-1000,431,0:00:00.000024,0:00:00.003519,609,4
marvin-wsl-eduroam,marvin-wsl-eduroam-1000,432,0:00:00.000022,0:00:00.003742,609,4
marvin-wsl-eduroam,marvin-wsl-eduroam-1000,433,0:00:00.000021,0:00:00.003017,609,4
marvin-wsl-eduroam,marvin-wsl-eduroam-1000,434,0:00:00.000009,0:00:00.005381,609,4
marvin-wsl-eduroam,marvin-wsl-eduroam-1000,435,0:00:00.000025,0:00:00.003396,609,4
marvin-wsl-eduroam,marvin-wsl-eduroam-1000,436,0:00:00.000008,0:00:00.002620,609,4
marvin-wsl-eduroam,marvin-wsl-eduroam-1000,437,0:00:00.000007,0:00:00.002775,609,4
marvin-wsl-eduroam,marvin-wsl-eduroam-1000,438,0:00:00.000007,0:00:00.003738,609,4
marvin-wsl-eduroam,marvin-wsl-eduroam-1000,439,0:00:00.000012,0:00:00.004024,609,4
marvin-wsl-eduroam,marvin-wsl-eduroam-1000,440,0:00:00.000013,0:00:00.003985,609,4
marvin-wsl-eduroam,marvin-wsl-eduroam-1000,441,0:00:00.000012,0:00:00.003116,609,4
marvin-wsl-eduroam,marvin-wsl-eduroam-1000,442,0:00:00.000010,0:00:00.003405,609,4
marvin-wsl-eduroam,marvin-wsl-eduroam-1000,443,0:00:00.000008,0:00:00.002944,609,4
marvin-wsl-eduroam,marvin-wsl-eduroam-1000,444,0:00:00.000009,0:00:00.002420,609,4
marvin-wsl-eduroam,marvin-wsl-eduroam-1000,445,0:00:00.000013,0:00:00.003287,609,4
marvin-wsl-eduroam,marvin-wsl-eduroam-1000,446,0:00:00.000010,0:00:00.003066,609,4
marvin-wsl-eduroam,marvin-wsl-eduroam-1000,447,0:00:00.000009,0:00:00.003149,609,4
marvin-wsl-eduroam,marvin-wsl-eduroam-1000,448,0:00:00.000016,0:00:00.002780,609,4
marvin-wsl-eduroam,marvin-wsl-eduroam-1000,449,0:00:00.000010,0:00:00.002897,609,4
marvin-wsl-eduroam,marvin-wsl-eduroam-1000,450,0:00:00.000018,0:00:00.002899,609,4
marvin-wsl-eduroam,marvin-wsl-eduroam-1000,451,0:00:00.000023,0:00:00.002709,609,4
marvin-wsl-eduroam,marvin-wsl-eduroam-1000,452,0:00:00.000027,0:00:00.003605,609,4
marvin-wsl-eduroam,marvin-wsl-eduroam-1000,453,0:00:00.000032,0:00:00.003266,609,4
marvin-wsl-eduroam,marvin-wsl-eduroam-1000,454,0:00:00.000024,0:00:00.004179,609,4
marvin-wsl-eduroam,marvin-wsl-eduroam-1000,455,0:00:00.000018,0:00:00.003373,609,4
marvin-wsl-eduroam,marvin-wsl-eduroam-1000,456,0:00:00.000012,0:00:00.004825,609,4
marvin-wsl-eduroam,marvin-wsl-eduroam-1000,457,0:00:00.000009,0:00:00.003261,609,4
marvin-wsl-eduroam,marvin-wsl-eduroam-1000,458,0:00:00.000011,0:00:00.003636,609,4
marvin-wsl-eduroam,marvin-wsl-eduroam-1000,459,0:00:00.000013,0:00:00.002552,609,4
marvin-wsl-eduroam,marvin-wsl-eduroam-1000,460,0:00:00.000009,0:00:00.002593,609,4
marvin-wsl-eduroam,marvin-wsl-eduroam-1000,461,0:00:00.000010,0:00:00.003256,609,4
marvin-wsl-eduroam,marvin-wsl-eduroam-1000,462,0:00:00.000010,0:00:00.003316,609,4
marvin-wsl-eduroam,marvin-wsl-eduroam-1000,463,0:00:00.000009,0:00:00.002287,609,4
marvin-wsl-eduroam,marvin-wsl-eduroam-1000,464,0:00:00.000016,0:00:00.008399,609,4
marvin-wsl-eduroam,marvin-wsl-eduroam-1000,465,0:00:00.000020,0:00:00.003501,609,4
marvin-wsl-eduroam,marvin-wsl-eduroam-1000,466,0:00:00.000013,0:00:00.003033,609,4
marvin-wsl-eduroam,marvin-wsl-eduroam-1000,467,0:00:00.000015,0:00:00.003212,609,4
marvin-wsl-eduroam,marvin-wsl-eduroam-1000,468,0:00:00.000014,0:00:00.002838,609,4
marvin-wsl-eduroam,marvin-wsl-eduroam-1000,469,0:00:00.000013,0:00:00.003080,609,4
marvin-wsl-eduroam,marvin-wsl-eduroam-1000,470,0:00:00.000020,0:00:00.003722,609,4
marvin-wsl-eduroam,marvin-wsl-eduroam-1000,471,0:00:00.000037,0:00:00.003669,609,4
marvin-wsl-eduroam,marvin-wsl-eduroam-1000,472,0:00:00.000022,0:00:00.003854,609,4
marvin-wsl-eduroam,marvin-wsl-eduroam-1000,473,0:00:00.000018,0:00:00.003935,609,4
marvin-wsl-eduroam,marvin-wsl-eduroam-1000,474,0:00:00.000022,0:00:00.003253,609,4
marvin-wsl-eduroam,marvin-wsl-eduroam-1000,475,0:00:00.000015,0:00:00.004415,609,4
marvin-wsl-eduroam,marvin-wsl-eduroam-1000,476,0:00:00.000018,0:00:00.003690,609,4
marvin-wsl-eduroam,marvin-wsl-eduroam-1000,477,0:00:00.000008,0:00:00.002539,609,4
marvin-wsl-eduroam,marvin-wsl-eduroam-1000,478,0:00:00.000011,0:00:00.003965,609,4
marvin-wsl-eduroam,marvin-wsl-eduroam-1000,479,0:00:00.000009,0:00:00.003260,609,4
marvin-wsl-eduroam,marvin-wsl-eduroam-1000,480,0:00:00.000009,0:00:00.002657,609,4
marvin-wsl-eduroam,marvin-wsl-eduroam-1000,481,0:00:00.000009,0:00:00.003418,609,4
marvin-wsl-eduroam,marvin-wsl-eduroam-1000,482,0:00:00.000015,0:00:00.003631,609,4
marvin-wsl-eduroam,marvin-wsl-eduroam-1000,483,0:00:00.000010,0:00:00.002980,609,4
marvin-wsl-eduroam,marvin-wsl-eduroam-1000,484,0:00:00.000010,0:00:00.002742,609,4
marvin-wsl-eduroam,marvin-wsl-eduroam-1000,485,0:00:00.000013,0:00:00.004090,609,4
marvin-wsl-eduroam,marvin-wsl-eduroam-1000,486,0:00:00.000010,0:00:00.002901,609,4
marvin-wsl-eduroam,marvin-wsl-eduroam-1000,487,0:00:00.000010,0:00:00.003686,609,4
marvin-wsl-eduroam,marvin-wsl-eduroam-1000,488,0:00:00.000012,0:00:00.002700,609,4
marvin-wsl-eduroam,marvin-wsl-eduroam-1000,489,0:00:00.000011,0:00:00.003290,609,4
marvin-wsl-eduroam,marvin-wsl-eduroam-1000,490,0:00:00.000017,0:00:00.003904,609,4
marvin-wsl-eduroam,marvin-wsl-eduroam-1000,491,0:00:00.000012,0:00:00.002578,609,4
marvin-wsl-eduroam,marvin-wsl-eduroam-1000,492,0:00:00.000011,0:00:00.003601,609,4
marvin-wsl-eduroam,marvin-wsl-eduroam-1000,493,0:00:00.000009,0:00:00.005202,609,4
marvin-wsl-eduroam,marvin-wsl-eduroam-1000,494,0:00:00.000014,0:00:00.002774,609,4
marvin-wsl-eduroam,marvin-wsl-eduroam-1000,495,0:00:00.000032,0:00:00.002637,609,4
marvin-wsl-eduroam,marvin-wsl-eduroam-1000,496,0:00:00.000006,0:00:00.003220,609,4
marvin-wsl-eduroam,marvin-wsl-eduroam-1000,497,0:00:00.000023,0:00:00.003142,609,4
marvin-wsl-eduroam,marvin-wsl-eduroam-1000,498,0:00:00.000011,0:00:00.003292,609,4
marvin-wsl-eduroam,marvin-wsl-eduroam-1000,499,0:00:00.000010,0:00:00.003007,609,4
marvin-wsl-eduroam,marvin-wsl-eduroam-1000,500,0:00:00.000010,0:00:00.003441,609,4
marvin-wsl-eduroam,marvin-wsl-eduroam-1000,501,0:00:00.000010,0:00:00.002576,609,4
marvin-wsl-eduroam,marvin-wsl-eduroam-1000,502,0:00:00.000012,0:00:00.003105,609,4
marvin-wsl-eduroam,marvin-wsl-eduroam-1000,503,0:00:00.000009,0:00:00.002551,609,4
marvin-wsl-eduroam,marvin-wsl-eduroam-1000,504,0:00:00.000011,0:00:00.003111,609,4
marvin-wsl-eduroam,marvin-wsl-eduroam-1000,505,0:00:00.000008,0:00:00.003007,609,4
marvin-wsl-eduroam,marvin-wsl-eduroam-1000,506,0:00:00.000010,0,timed out,4
marvin-wsl-eduroam,marvin-wsl-eduroam-1000,507,0:00:00.000028,0:00:00.004184,609,4
marvin-wsl-eduroam,marvin-wsl-eduroam-1000,508,0:00:00.000024,0:00:00.004503,609,4
marvin-wsl-eduroam,marvin-wsl-eduroam-1000,509,0:00:00.000032,0:00:00.004127,609,4
marvin-wsl-eduroam,marvin-wsl-eduroam-1000,510,0:00:00.000025,0:00:00.002473,609,4
marvin-wsl-eduroam,marvin-wsl-eduroam-1000,511,0:00:00.000055,0:00:00.005663,609,4
marvin-wsl-eduroam,marvin-wsl-eduroam-1000,512,0:00:00.000023,0:00:00.003922,609,4
marvin-wsl-eduroam,marvin-wsl-eduroam-1000,513,0:00:00.000020,0:00:00.007853,609,4
marvin-wsl-eduroam,marvin-wsl-eduroam-1000,514,0:00:00.000019,0:00:00.004322,609,4
marvin-wsl-eduroam,marvin-wsl-eduroam-1000,515,0:00:00.000030,0:00:00.004265,609,4
marvin-wsl-eduroam,marvin-wsl-eduroam-1000,516,0:00:00.000023,0:00:00.002515,609,4
marvin-wsl-eduroam,marvin-wsl-eduroam-1000,517,0:00:00.000022,0:00:00.004963,609,4
marvin-wsl-eduroam,marvin-wsl-eduroam-1000,518,0:00:00.000023,0:00:00.002357,609,4
marvin-wsl-eduroam,marvin-wsl-eduroam-1000,519,0:00:00.000019,0:00:00.002481,609,4
marvin-wsl-eduroam,marvin-wsl-eduroam-1000,520,0:00:00.000018,0:00:00.005087,609,4
marvin-wsl-eduroam,marvin-wsl-eduroam-1000,521,0:00:00.000024,0:00:00.002993,609,4
marvin-wsl-eduroam,marvin-wsl-eduroam-1000,522,0:00:00.000020,0:00:00.004105,609,4
marvin-wsl-eduroam,marvin-wsl-eduroam-1000,523,0:00:00.000020,0:00:00.003794,609,4
marvin-wsl-eduroam,marvin-wsl-eduroam-1000,524,0:00:00.000044,0:00:00.002702,609,4
marvin-wsl-eduroam,marvin-wsl-eduroam-1000,525,0:00:00.000023,0:00:00.006785,609,4
marvin-wsl-eduroam,marvin-wsl-eduroam-1000,526,0:00:00.000020,0:00:00.005081,609,4
marvin-wsl-eduroam,marvin-wsl-eduroam-1000,527,0:00:00.000020,0:00:00.004062,609,4
marvin-wsl-eduroam,marvin-wsl-eduroam-1000,528,0:00:00.000044,0:00:00.002616,609,4
marvin-wsl-eduroam,marvin-wsl-eduroam-1000,529,0:00:00.000021,0:00:00.003238,609,4
marvin-wsl-eduroam,marvin-wsl-eduroam-1000,530,0:00:00.000021,0:00:00.002388,609,4
marvin-wsl-eduroam,marvin-wsl-eduroam-1000,531,0:00:00.000020,0:00:00.004365,609,4
marvin-wsl-eduroam,marvin-wsl-eduroam-1000,532,0:00:00.000021,0:00:00.022803,609,4
marvin-wsl-eduroam,marvin-wsl-eduroam-1000,533,0:00:00.000042,0:00:00.004205,609,4
marvin-wsl-eduroam,marvin-wsl-eduroam-1000,534,0:00:00.000022,0:00:00.003701,609,4
marvin-wsl-eduroam,marvin-wsl-eduroam-1000,535,0:00:00.000022,0:00:00.002899,609,4
marvin-wsl-eduroam,marvin-wsl-eduroam-1000,536,0:00:00.000022,0:00:00.004429,609,4
marvin-wsl-eduroam,marvin-wsl-eduroam-1000,537,0:00:00.000023,0:00:00.003774,609,4
marvin-wsl-eduroam,marvin-wsl-eduroam-1000,538,0:00:00.000021,0:00:00.004228,609,4
marvin-wsl-eduroam,marvin-wsl-eduroam-1000,539,0:00:00.000043,0:00:00.007551,609,4
marvin-wsl-eduroam,marvin-wsl-eduroam-1000,540,0:00:00.000026,0:00:00.004674,609,4
marvin-wsl-eduroam,marvin-wsl-eduroam-1000,541,0:00:00.000025,0:00:00.004596,609,4
marvin-wsl-eduroam,marvin-wsl-eduroam-1000,542,0:00:00.000025,0:00:00.005215,609,4
marvin-wsl-eduroam,marvin-wsl-eduroam-1000,543,0:00:00.000022,0:00:00.002882,609,4
marvin-wsl-eduroam,marvin-wsl-eduroam-1000,544,0:00:00.000022,0:00:00.006432,609,4
marvin-wsl-eduroam,marvin-wsl-eduroam-1000,545,0:00:00.000021,0:00:00.002960,609,4
marvin-wsl-eduroam,marvin-wsl-eduroam-1000,546,0:00:00.000020,0:00:00.003006,609,4
marvin-wsl-eduroam,marvin-wsl-eduroam-1000,547,0:00:00.000033,0:00:00.003828,609,4
marvin-wsl-eduroam,marvin-wsl-eduroam-1000,548,0:00:00.000025,0:00:00.004104,609,4
marvin-wsl-eduroam,marvin-wsl-eduroam-1000,549,0:00:00.000021,0:00:00.003256,609,4
marvin-wsl-eduroam,marvin-wsl-eduroam-1000,550,0:00:00.000023,0:00:00.002563,609,4
marvin-wsl-eduroam,marvin-wsl-eduroam-1000,551,0:00:00.000021,0:00:00.003135,609,4
marvin-wsl-eduroam,marvin-wsl-eduroam-1000,552,0:00:00.000033,0:00:00.004100,609,4
marvin-wsl-eduroam,marvin-wsl-eduroam-1000,553,0:00:00.000022,0:00:00.011728,609,4
marvin-wsl-eduroam,marvin-wsl-eduroam-1000,554,0:00:00.000022,0:00:00.005145,609,4
marvin-wsl-eduroam,marvin-wsl-eduroam-1000,555,0:00:00.000025,0:00:00.002776,609,4
marvin-wsl-eduroam,marvin-wsl-eduroam-1000,556,0:00:00.000022,0:00:00.002642,609,4
marvin-wsl-eduroam,marvin-wsl-eduroam-1000,557,0:00:00.000021,0:00:00.004791,609,4
marvin-wsl-eduroam,marvin-wsl-eduroam-1000,558,0:00:00.000026,0:00:00.006211,609,4
marvin-wsl-eduroam,marvin-wsl-eduroam-1000,559,0:00:00.000034,0:00:00.003490,609,4
marvin-wsl-eduroam,marvin-wsl-eduroam-1000,560,0:00:00.000024,0:00:00.003919,609,4
marvin-wsl-eduroam,marvin-wsl-eduroam-1000,561,0:00:00.000022,0:00:00.004012,609,4
marvin-wsl-eduroam,marvin-wsl-eduroam-1000,562,0:00:00.000018,0:00:00.004479,609,4
marvin-wsl-eduroam,marvin-wsl-eduroam-1000,563,0:00:00.000022,0:00:00.005576,609,4
marvin-wsl-eduroam,marvin-wsl-eduroam-1000,564,0:00:00.000035,0:00:00.003148,609,4
marvin-wsl-eduroam,marvin-wsl-eduroam-1000,565,0:00:00.000020,0:00:00.005761,609,4
marvin-wsl-eduroam,marvin-wsl-eduroam-1000,566,0:00:00.000023,0:00:00.002791,609,4
marvin-wsl-eduroam,marvin-wsl-eduroam-1000,567,0:00:00.000023,0:00:00.007116,609,4
marvin-wsl-eduroam,marvin-wsl-eduroam-1000,568,0:00:00.000021,0:00:00.002941,609,4
marvin-wsl-eduroam,marvin-wsl-eduroam-1000,569,0:00:00.000019,0:00:00.002630,609,4
marvin-wsl-eduroam,marvin-wsl-eduroam-1000,570,0:00:00.000034,0:00:00.002959,609,4
marvin-wsl-eduroam,marvin-wsl-eduroam-1000,571,0:00:00.000020,0:00:00.003278,609,4
marvin-wsl-eduroam,marvin-wsl-eduroam-1000,572,0:00:00.000018,0:00:00.002569,609,4
marvin-wsl-eduroam,marvin-wsl-eduroam-1000,573,0:00:00.000018,0:00:00.003008,609,4
marvin-wsl-eduroam,marvin-wsl-eduroam-1000,574,0:00:00.000032,0:00:00.002862,609,4
marvin-wsl-eduroam,marvin-wsl-eduroam-1000,575,0:00:00.000022,0:00:00.003672,609,4
marvin-wsl-eduroam,marvin-wsl-eduroam-1000,576,0:00:00.000020,0:00:00.003896,609,4
marvin-wsl-eduroam,marvin-wsl-eduroam-1000,577,0:00:00.000017,0:00:00.003202,609,4
marvin-wsl-eduroam,marvin-wsl-eduroam-1000,578,0:00:00.000020,0:00:00.002979,609,4
marvin-wsl-eduroam,marvin-wsl-eduroam-1000,579,0:00:00.000024,0:00:00.002700,609,4
marvin-wsl-eduroam,marvin-wsl-eduroam-1000,580,0:00:00.000021,0:00:00.004323,609,4
marvin-wsl-eduroam,marvin-wsl-eduroam-1000,581,0:00:00.000019,0:00:00.004007,609,4
marvin-wsl-eduroam,marvin-wsl-eduroam-1000,582,0:00:00.000022,0:00:00.003738,609,4
marvin-wsl-eduroam,marvin-wsl-eduroam-1000,583,0:00:00.000022,0:00:00.003743,609,4
marvin-wsl-eduroam,marvin-wsl-eduroam-1000,584,0:00:00.000022,0:00:00.003480,609,4
marvin-wsl-eduroam,marvin-wsl-eduroam-1000,585,0:00:00.000018,0:00:00.002700,609,4
marvin-wsl-eduroam,marvin-wsl-eduroam-1000,586,0:00:00.000019,0:00:00.002933,609,4
marvin-wsl-eduroam,marvin-wsl-eduroam-1000,587,0:00:00.000021,0:00:00.004733,609,4
marvin-wsl-eduroam,marvin-wsl-eduroam-1000,588,0:00:00.000031,0:00:00.005309,609,4
marvin-wsl-eduroam,marvin-wsl-eduroam-1000,589,0:00:00.000027,0:00:00.004412,609,4
marvin-wsl-eduroam,marvin-wsl-eduroam-1000,590,0:00:00.000031,0:00:00.003780,609,4
marvin-wsl-eduroam,marvin-wsl-eduroam-1000,591,0:00:00.000028,0:00:00.003494,609,4
marvin-wsl-eduroam,marvin-wsl-eduroam-1000,592,0:00:00.000028,0:00:00.003488,609,4
marvin-wsl-eduroam,marvin-wsl-eduroam-1000,593,0:00:00.000023,0:00:00.003194,609,4
marvin-wsl-eduroam,marvin-wsl-eduroam-1000,594,0:00:00.000021,0:00:00.004105,609,4
marvin-wsl-eduroam,marvin-wsl-eduroam-1000,595,0:00:00.000021,0:00:00.007164,609,4
marvin-wsl-eduroam,marvin-wsl-eduroam-1000,596,0:00:00.000031,0:00:00.002427,609,4
marvin-wsl-eduroam,marvin-wsl-eduroam-1000,597,0:00:00.000022,0:00:00.002710,609,4
marvin-wsl-eduroam,marvin-wsl-eduroam-1000,598,0:00:00.000017,0:00:00.003628,609,4
marvin-wsl-eduroam,marvin-wsl-eduroam-1000,599,0:00:00.000039,0:00:00.003339,609,4
marvin-wsl-eduroam,marvin-wsl-eduroam-1000,600,0:00:00.000022,0:00:00.003643,609,4
marvin-wsl-eduroam,marvin-wsl-eduroam-1000,601,0:00:00.000022,0:00:00.003278,609,4
marvin-wsl-eduroam,marvin-wsl-eduroam-1000,602,0:00:00.000022,0:00:00.003240,609,4
marvin-wsl-eduroam,marvin-wsl-eduroam-1000,603,0:00:00.000020,0:00:00.002513,609,4
marvin-wsl-eduroam,marvin-wsl-eduroam-1000,604,0:00:00.000019,0:00:00.003503,609,4
marvin-wsl-eduroam,marvin-wsl-eduroam-1000,605,0:00:00.000020,0:00:00.002732,609,4
marvin-wsl-eduroam,marvin-wsl-eduroam-1000,606,0:00:00.000019,0:00:00.002576,609,4
marvin-wsl-eduroam,marvin-wsl-eduroam-1000,607,0:00:00.000022,0:00:00.003480,609,4
marvin-wsl-eduroam,marvin-wsl-eduroam-1000,608,0:00:00.000021,0:00:00.002482,609,4
marvin-wsl-eduroam,marvin-wsl-eduroam-1000,609,0:00:00.000019,0:00:00.006010,609,4
marvin-wsl-eduroam,marvin-wsl-eduroam-1000,610,0:00:00.000024,0:00:00.002654,609,4
marvin-wsl-eduroam,marvin-wsl-eduroam-1000,611,0:00:00.000018,0:00:00.003581,609,4
marvin-wsl-eduroam,marvin-wsl-eduroam-1000,612,0:00:00.000021,0:00:00.002969,609,4
marvin-wsl-eduroam,marvin-wsl-eduroam-1000,613,0:00:00.000022,0:00:00.003336,609,4
marvin-wsl-eduroam,marvin-wsl-eduroam-1000,614,0:00:00.000022,0:00:00.003360,609,4
marvin-wsl-eduroam,marvin-wsl-eduroam-1000,615,0:00:00.000021,0,timed out,4
marvin-wsl-eduroam,marvin-wsl-eduroam-1000,616,0:00:00.000033,0:00:00.006519,609,4
marvin-wsl-eduroam,marvin-wsl-eduroam-1000,617,0:00:00.000030,0:00:00.005595,609,4
marvin-wsl-eduroam,marvin-wsl-eduroam-1000,618,0:00:00.000021,0:00:00.005720,609,4
marvin-wsl-eduroam,marvin-wsl-eduroam-1000,619,0:00:00.000024,0:00:00.006634,609,4
marvin-wsl-eduroam,marvin-wsl-eduroam-1000,620,0:00:00.000046,0:00:00.007135,609,4
marvin-wsl-eduroam,marvin-wsl-eduroam-1000,621,0:00:00.000024,0:00:00.006021,609,4
marvin-wsl-eduroam,marvin-wsl-eduroam-1000,622,0:00:00.000019,0:00:00.005625,609,4
marvin-wsl-eduroam,marvin-wsl-eduroam-1000,623,0:00:00.000025,0:00:00.008767,609,4
marvin-wsl-eduroam,marvin-wsl-eduroam-1000,624,0:00:00.000020,0:00:00.004611,609,4
marvin-wsl-eduroam,marvin-wsl-eduroam-1000,625,0:00:00.000025,0:00:00.005424,609,4
marvin-wsl-eduroam,marvin-wsl-eduroam-1000,626,0:00:00.000023,0:00:00.002505,609,4
marvin-wsl-eduroam,marvin-wsl-eduroam-1000,627,0:00:00.000021,0:00:00.002896,609,4
marvin-wsl-eduroam,marvin-wsl-eduroam-1000,628,0:00:00.000014,0:00:00.003284,609,4
marvin-wsl-eduroam,marvin-wsl-eduroam-1000,629,0:00:00.000023,0:00:00.002959,609,4
marvin-wsl-eduroam,marvin-wsl-eduroam-1000,630,0:00:00.000021,0:00:00.002291,609,4
marvin-wsl-eduroam,marvin-wsl-eduroam-1000,631,0:00:00.000016,0:00:00.005294,609,4
marvin-wsl-eduroam,marvin-wsl-eduroam-1000,632,0:00:00.000024,0:00:00.002559,609,4
marvin-wsl-eduroam,marvin-wsl-eduroam-1000,633,0:00:00.000019,0:00:00.003352,609,4
marvin-wsl-eduroam,marvin-wsl-eduroam-1000,634,0:00:00.000023,0:00:00.002509,609,4
marvin-wsl-eduroam,marvin-wsl-eduroam-1000,635,0:00:00.000024,0:00:00.003309,609,4
marvin-wsl-eduroam,marvin-wsl-eduroam-1000,636,0:00:00.000022,0:00:00.003322,609,4
marvin-wsl-eduroam,marvin-wsl-eduroam-1000,637,0:00:00.000023,0:00:00.003213,609,4
marvin-wsl-eduroam,marvin-wsl-eduroam-1000,638,0:00:00.000024,0:00:00.003715,609,4
marvin-wsl-eduroam,marvin-wsl-eduroam-1000,639,0:00:00.000024,0:00:00.003250,609,4
marvin-wsl-eduroam,marvin-wsl-eduroam-1000,640,0:00:00.000022,0:00:00.003181,609,4
marvin-wsl-eduroam,marvin-wsl-eduroam-1000,641,0:00:00.000021,0:00:00.002657,609,4
marvin-wsl-eduroam,marvin-wsl-eduroam-1000,642,0:00:00.000016,0:00:00.002690,609,4
marvin-wsl-eduroam,marvin-wsl-eduroam-1000,643,0:00:00.000020,0:00:00.005722,609,4
marvin-wsl-eduroam,marvin-wsl-eduroam-1000,644,0:00:00.000019,0:00:00.003297,609,4
marvin-wsl-eduroam,marvin-wsl-eduroam-1000,645,0:00:00.000022,0:00:00.005870,609,4
marvin-wsl-eduroam,marvin-wsl-eduroam-1000,646,0:00:00.000021,0:00:00.003460,609,4
marvin-wsl-eduroam,marvin-wsl-eduroam-1000,647,0:00:00.000022,0:00:00.002401,609,4
marvin-wsl-eduroam,marvin-wsl-eduroam-1000,648,0:00:00.000021,0:00:00.003966,609,4
marvin-wsl-eduroam,marvin-wsl-eduroam-1000,649,0:00:00.000016,0:00:00.003142,609,4
marvin-wsl-eduroam,marvin-wsl-eduroam-1000,650,0:00:00.000019,0:00:00.006078,609,4
marvin-wsl-eduroam,marvin-wsl-eduroam-1000,651,0:00:00.000023,0:00:00.002422,609,4
marvin-wsl-eduroam,marvin-wsl-eduroam-1000,652,0:00:00.000021,0:00:00.003366,609,4
marvin-wsl-eduroam,marvin-wsl-eduroam-1000,653,0:00:00.000021,0:00:00.003152,609,4
marvin-wsl-eduroam,marvin-wsl-eduroam-1000,654,0:00:00.000014,0:00:00.002355,609,4
marvin-wsl-eduroam,marvin-wsl-eduroam-1000,655,0:00:00.000021,0:00:00.003720,609,4
marvin-wsl-eduroam,marvin-wsl-eduroam-1000,656,0:00:00.000024,0:00:00.002963,609,4
marvin-wsl-eduroam,marvin-wsl-eduroam-1000,657,0:00:00.000022,0:00:00.003628,609,4
marvin-wsl-eduroam,marvin-wsl-eduroam-1000,658,0:00:00.000019,0:00:00.002674,609,4
marvin-wsl-eduroam,marvin-wsl-eduroam-1000,659,0:00:00.000015,0:00:00.002637,609,4
marvin-wsl-eduroam,marvin-wsl-eduroam-1000,660,0:00:00.000015,0:00:00.003469,609,4
marvin-wsl-eduroam,marvin-wsl-eduroam-1000,661,0:00:00.000022,0:00:00.002494,609,4
marvin-wsl-eduroam,marvin-wsl-eduroam-1000,662,0:00:00.000019,0:00:00.002822,609,4
marvin-wsl-eduroam,marvin-wsl-eduroam-1000,663,0:00:00.000022,0:00:00.006290,609,4
marvin-wsl-eduroam,marvin-wsl-eduroam-1000,664,0:00:00.000032,0:00:00.003668,609,4
marvin-wsl-eduroam,marvin-wsl-eduroam-1000,665,0:00:00.000022,0:00:00.004038,609,4
marvin-wsl-eduroam,marvin-wsl-eduroam-1000,666,0:00:00.000025,0:00:00.003479,609,4
marvin-wsl-eduroam,marvin-wsl-eduroam-1000,667,0:00:00.000032,0:00:00.003164,609,4
marvin-wsl-eduroam,marvin-wsl-eduroam-1000,668,0:00:00.000020,0:00:00.002685,609,4
marvin-wsl-eduroam,marvin-wsl-eduroam-1000,669,0:00:00.000027,0:00:00.003655,609,4
marvin-wsl-eduroam,marvin-wsl-eduroam-1000,670,0:00:00.000021,0:00:00.010606,609,4
marvin-wsl-eduroam,marvin-wsl-eduroam-1000,671,0:00:00.000021,0:00:00.002756,609,4
marvin-wsl-eduroam,marvin-wsl-eduroam-1000,672,0:00:00.000016,0:00:00.002458,609,4
marvin-wsl-eduroam,marvin-wsl-eduroam-1000,673,0:00:00.000017,0:00:00.003259,609,4
marvin-wsl-eduroam,marvin-wsl-eduroam-1000,674,0:00:00.000019,0:00:00.003141,609,4
marvin-wsl-eduroam,marvin-wsl-eduroam-1000,675,0:00:00.000019,0:00:00.003269,609,4
marvin-wsl-eduroam,marvin-wsl-eduroam-1000,676,0:00:00.000021,0:00:00.002556,609,4
marvin-wsl-eduroam,marvin-wsl-eduroam-1000,677,0:00:00.000019,0:00:00.002975,609,4
marvin-wsl-eduroam,marvin-wsl-eduroam-1000,678,0:00:00.000016,0:00:00.013513,609,4
marvin-wsl-eduroam,marvin-wsl-eduroam-1000,679,0:00:00.000020,0:00:00.002515,609,4
marvin-wsl-eduroam,marvin-wsl-eduroam-1000,680,0:00:00.000015,0:00:00.002539,609,4
marvin-wsl-eduroam,marvin-wsl-eduroam-1000,681,0:00:00.000023,0:00:00.004440,609,4
marvin-wsl-eduroam,marvin-wsl-eduroam-1000,682,0:00:00.000023,0:00:00.002641,609,4
marvin-wsl-eduroam,marvin-wsl-eduroam-1000,683,0:00:00.000021,0:00:00.004587,609,4
marvin-wsl-eduroam,marvin-wsl-eduroam-1000,684,0:00:00.000025,0:00:00.003266,609,4
marvin-wsl-eduroam,marvin-wsl-eduroam-1000,685,0:00:00.000018,0:00:00.004203,609,4
marvin-wsl-eduroam,marvin-wsl-eduroam-1000,686,0:00:00.000021,0:00:00.002554,609,4
marvin-wsl-eduroam,marvin-wsl-eduroam-1000,687,0:00:00.000021,0:00:00.003717,609,4
marvin-wsl-eduroam,marvin-wsl-eduroam-1000,688,0:00:00.000022,0:00:00.003919,609,4
marvin-wsl-eduroam,marvin-wsl-eduroam-1000,689,0:00:00.000026,0:00:00.003759,609,4
marvin-wsl-eduroam,marvin-wsl-eduroam-1000,690,0:00:00.000023,0:00:00.004851,609,4
marvin-wsl-eduroam,marvin-wsl-eduroam-1000,691,0:00:00.000021,0:00:00.003492,609,4
marvin-wsl-eduroam,marvin-wsl-eduroam-1000,692,0:00:00.000025,0:00:00.004527,609,4
marvin-wsl-eduroam,marvin-wsl-eduroam-1000,693,0:00:00.000027,0:00:00.003327,609,4
marvin-wsl-eduroam,marvin-wsl-eduroam-1000,694,0:00:00.000020,0:00:00.004749,609,4
marvin-wsl-eduroam,marvin-wsl-eduroam-1000,695,0:00:00.000020,0:00:00.009075,609,4
marvin-wsl-eduroam,marvin-wsl-eduroam-1000,696,0:00:00.000062,0:00:00.004486,609,4
marvin-wsl-eduroam,marvin-wsl-eduroam-1000,697,0:00:00.000024,0:00:00.002842,609,4
marvin-wsl-eduroam,marvin-wsl-eduroam-1000,698,0:00:00.000052,0:00:00.004071,609,4
marvin-wsl-eduroam,marvin-wsl-eduroam-1000,699,0:00:00.000068,0:00:00.005813,609,4
marvin-wsl-eduroam,marvin-wsl-eduroam-1000,700,0:00:00.000022,0:00:00.002227,609,4
marvin-wsl-eduroam,marvin-wsl-eduroam-1000,701,0:00:00.000021,0:00:00.005119,609,4
marvin-wsl-eduroam,marvin-wsl-eduroam-1000,702,0:00:00.000023,0:00:00.003198,609,4
marvin-wsl-eduroam,marvin-wsl-eduroam-1000,703,0:00:00.000019,0:00:00.004941,609,4
marvin-wsl-eduroam,marvin-wsl-eduroam-1000,704,0:00:00.000024,0:00:00.006587,609,4
marvin-wsl-eduroam,marvin-wsl-eduroam-1000,705,0:00:00.000023,0:00:00.003307,609,4
marvin-wsl-eduroam,marvin-wsl-eduroam-1000,706,0:00:00.000023,0:00:00.002502,609,4
marvin-wsl-eduroam,marvin-wsl-eduroam-1000,707,0:00:00.000028,0:00:00.003049,609,4
marvin-wsl-eduroam,marvin-wsl-eduroam-1000,708,0:00:00.000020,0:00:00.002887,609,4
marvin-wsl-eduroam,marvin-wsl-eduroam-1000,709,0:00:00.000023,0:00:00.004022,609,4
marvin-wsl-eduroam,marvin-wsl-eduroam-1000,710,0:00:00.000022,0:00:00.012069,609,4
marvin-wsl-eduroam,marvin-wsl-eduroam-1000,711,0:00:00.000035,0:00:00.002458,609,4
marvin-wsl-eduroam,marvin-wsl-eduroam-1000,712,0:00:00.000013,0:00:00.003113,609,4
marvin-wsl-eduroam,marvin-wsl-eduroam-1000,713,0:00:00.000025,0:00:00.003327,609,4
marvin-wsl-eduroam,marvin-wsl-eduroam-1000,714,0:00:00.000023,0:00:00.003675,609,4
marvin-wsl-eduroam,marvin-wsl-eduroam-1000,715,0:00:00.000041,0:00:00.002806,609,4
marvin-wsl-eduroam,marvin-wsl-eduroam-1000,716,0:00:00.000023,0:00:00.002828,609,4
marvin-wsl-eduroam,marvin-wsl-eduroam-1000,717,0:00:00.000022,0:00:00.002840,609,4
marvin-wsl-eduroam,marvin-wsl-eduroam-1000,718,0:00:00.000020,0:00:00.005162,609,4
marvin-wsl-eduroam,marvin-wsl-eduroam-1000,719,0:00:00.000024,0:00:00.005841,609,4
marvin-wsl-eduroam,marvin-wsl-eduroam-1000,720,0:00:00.000022,0:00:00.004295,609,4
marvin-wsl-eduroam,marvin-wsl-eduroam-1000,721,0:00:00.000025,0:00:00.002650,609,4
marvin-wsl-eduroam,marvin-wsl-eduroam-1000,722,0:00:00.000021,0:00:00.002967,609,4
marvin-wsl-eduroam,marvin-wsl-eduroam-1000,723,0:00:00.000018,0,timed out,4
marvin-wsl-eduroam,marvin-wsl-eduroam-1000,724,0:00:00.000036,0:00:00.003895,609,4
marvin-wsl-eduroam,marvin-wsl-eduroam-1000,725,0:00:00.000014,0:00:00.004300,609,4
marvin-wsl-eduroam,marvin-wsl-eduroam-1000,726,0:00:00.000009,0:00:00.003118,609,4
marvin-wsl-eduroam,marvin-wsl-eduroam-1000,727,0:00:00.000014,0:00:00.003056,609,4
marvin-wsl-eduroam,marvin-wsl-eduroam-1000,728,0:00:00.000011,0:00:00.004198,609,4
marvin-wsl-eduroam,marvin-wsl-eduroam-1000,729,0:00:00.000010,0:00:00.003706,609,4
marvin-wsl-eduroam,marvin-wsl-eduroam-1000,730,0:00:00.000010,0:00:00.006302,609,4
marvin-wsl-eduroam,marvin-wsl-eduroam-1000,731,0:00:00.000020,0:00:00.003128,609,4
marvin-wsl-eduroam,marvin-wsl-eduroam-1000,732,0:00:00.000020,0:00:00.003679,609,4
marvin-wsl-eduroam,marvin-wsl-eduroam-1000,733,0:00:00.000011,0:00:00.003833,609,4
marvin-wsl-eduroam,marvin-wsl-eduroam-1000,734,0:00:00.000012,0:00:00.002487,609,4
marvin-wsl-eduroam,marvin-wsl-eduroam-1000,735,0:00:00.000014,0:00:00.004731,609,4
marvin-wsl-eduroam,marvin-wsl-eduroam-1000,736,0:00:00.000010,0:00:00.003205,609,4
marvin-wsl-eduroam,marvin-wsl-eduroam-1000,737,0:00:00.000015,0:00:00.003076,609,4
marvin-wsl-eduroam,marvin-wsl-eduroam-1000,738,0:00:00.000011,0:00:00.002803,609,4
marvin-wsl-eduroam,marvin-wsl-eduroam-1000,739,0:00:00.000011,0:00:00.003177,609,4
marvin-wsl-eduroam,marvin-wsl-eduroam-1000,740,0:00:00.000011,0:00:00.003563,609,4
marvin-wsl-eduroam,marvin-wsl-eduroam-1000,741,0:00:00.000013,0:00:00.003276,609,4
marvin-wsl-eduroam,marvin-wsl-eduroam-1000,742,0:00:00.000011,0:00:00.002766,609,4
marvin-wsl-eduroam,marvin-wsl-eduroam-1000,743,0:00:00.000009,0:00:00.005231,609,4
marvin-wsl-eduroam,marvin-wsl-eduroam-1000,744,0:00:00.000050,0:00:00.002576,609,4
marvin-wsl-eduroam,marvin-wsl-eduroam-1000,745,0:00:00.000014,0:00:00.003237,609,4
marvin-wsl-eduroam,marvin-wsl-eduroam-1000,746,0:00:00.000009,0:00:00.002704,609,4
marvin-wsl-eduroam,marvin-wsl-eduroam-1000,747,0:00:00.000010,0:00:00.002876,609,4
marvin-wsl-eduroam,marvin-wsl-eduroam-1000,748,0:00:00.000009,0:00:00.003256,609,4
marvin-wsl-eduroam,marvin-wsl-eduroam-1000,749,0:00:00.000011,0:00:00.002838,609,4
marvin-wsl-eduroam,marvin-wsl-eduroam-1000,750,0:00:00.000007,0:00:00.003182,609,4
marvin-wsl-eduroam,marvin-wsl-eduroam-1000,751,0:00:00.000010,0:00:00.006466,609,4
marvin-wsl-eduroam,marvin-wsl-eduroam-1000,752,0:00:00.000012,0:00:00.003360,609,4
marvin-wsl-eduroam,marvin-wsl-eduroam-1000,753,0:00:00.000014,0:00:00.003163,609,4
marvin-wsl-eduroam,marvin-wsl-eduroam-1000,754,0:00:00.000014,0:00:00.003148,609,4
marvin-wsl-eduroam,marvin-wsl-eduroam-1000,755,0:00:00.000012,0:00:00.002542,609,4
marvin-wsl-eduroam,marvin-wsl-eduroam-1000,756,0:00:00.000011,0:00:00.002734,609,4
marvin-wsl-eduroam,marvin-wsl-eduroam-1000,757,0:00:00.000009,0:00:00.003632,609,4
marvin-wsl-eduroam,marvin-wsl-eduroam-1000,758,0:00:00.000015,0:00:00.002286,609,4
marvin-wsl-eduroam,marvin-wsl-eduroam-1000,759,0:00:00.000009,0:00:00.002998,609,4
marvin-wsl-eduroam,marvin-wsl-eduroam-1000,760,0:00:00.000009,0:00:00.005997,609,4
marvin-wsl-eduroam,marvin-wsl-eduroam-1000,761,0:00:00.000011,0:00:00.002846,609,4
marvin-wsl-eduroam,marvin-wsl-eduroam-1000,762,0:00:00.000014,0:00:00.004850,609,4
marvin-wsl-eduroam,marvin-wsl-eduroam-1000,763,0:00:00.000011,0:00:00.003423,609,4
marvin-wsl-eduroam,marvin-wsl-eduroam-1000,764,0:00:00.000010,0:00:00.002597,609,4
marvin-wsl-eduroam,marvin-wsl-eduroam-1000,765,0:00:00.000010,0:00:00.003022,609,4
marvin-wsl-eduroam,marvin-wsl-eduroam-1000,766,0:00:00.000016,0:00:00.005407,609,4
marvin-wsl-eduroam,marvin-wsl-eduroam-1000,767,0:00:00.000014,0:00:00.002510,609,4
marvin-wsl-eduroam,marvin-wsl-eduroam-1000,768,0:00:00.000010,0:00:00.003227,609,4
marvin-wsl-eduroam,marvin-wsl-eduroam-1000,769,0:00:00.000010,0:00:00.002938,609,4
marvin-wsl-eduroam,marvin-wsl-eduroam-1000,770,0:00:00.000009,0:00:00.002946,609,4
marvin-wsl-eduroam,marvin-wsl-eduroam-1000,771,0:00:00.000015,0:00:00.002572,609,4
marvin-wsl-eduroam,marvin-wsl-eduroam-1000,772,0:00:00.000010,0:00:00.003007,609,4
marvin-wsl-eduroam,marvin-wsl-eduroam-1000,773,0:00:00.000011,0:00:00.003428,609,4
marvin-wsl-eduroam,marvin-wsl-eduroam-1000,774,0:00:00.000010,0:00:00.002612,609,4
marvin-wsl-eduroam,marvin-wsl-eduroam-1000,775,0:00:00.000010,0:00:00.003153,609,4
marvin-wsl-eduroam,marvin-wsl-eduroam-1000,776,0:00:00.000016,0:00:00.004036,609,4
marvin-wsl-eduroam,marvin-wsl-eduroam-1000,777,0:00:00.000010,0:00:00.002605,609,4
marvin-wsl-eduroam,marvin-wsl-eduroam-1000,778,0:00:00.000010,0:00:00.003444,609,4
marvin-wsl-eduroam,marvin-wsl-eduroam-1000,779,0:00:00.000009,0:00:00.002950,609,4
marvin-wsl-eduroam,marvin-wsl-eduroam-1000,780,0:00:00.000016,0:00:00.002396,609,4
marvin-wsl-eduroam,marvin-wsl-eduroam-1000,781,0:00:00.000018,0:00:00.003255,609,4
marvin-wsl-eduroam,marvin-wsl-eduroam-1000,782,0:00:00.000011,0:00:00.006463,609,4
marvin-wsl-eduroam,marvin-wsl-eduroam-1000,783,0:00:00.000010,0:00:00.004107,609,4
marvin-wsl-eduroam,marvin-wsl-eduroam-1000,784,0:00:00.000010,0:00:00.004430,609,4
marvin-wsl-eduroam,marvin-wsl-eduroam-1000,785,0:00:00.000017,0:00:00.002490,609,4
marvin-wsl-eduroam,marvin-wsl-eduroam-1000,786,0:00:00.000013,0:00:00.004610,609,4
marvin-wsl-eduroam,marvin-wsl-eduroam-1000,787,0:00:00.000010,0:00:00.003122,609,4
marvin-wsl-eduroam,marvin-wsl-eduroam-1000,788,0:00:00.000009,0:00:00.006576,609,4
marvin-wsl-eduroam,marvin-wsl-eduroam-1000,789,0:00:00.000016,0:00:00.004236,609,4
marvin-wsl-eduroam,marvin-wsl-eduroam-1000,790,0:00:00.000010,0:00:00.003461,609,4
marvin-wsl-eduroam,marvin-wsl-eduroam-1000,791,0:00:00.000009,0:00:00.004326,609,4
marvin-wsl-eduroam,marvin-wsl-eduroam-1000,792,0:00:00.000014,0:00:00.002860,609,4
marvin-wsl-eduroam,marvin-wsl-eduroam-1000,793,0:00:00.000010,0:00:00.003991,609,4
marvin-wsl-eduroam,marvin-wsl-eduroam-1000,794,0:00:00.000009,0:00:00.002845,609,4
marvin-wsl-eduroam,marvin-wsl-eduroam-1000,795,0:00:00.000010,0:00:00.003324,609,4
marvin-wsl-eduroam,marvin-wsl-eduroam-1000,796,0:00:00.000011,0:00:00.002993,609,4
marvin-wsl-eduroam,marvin-wsl-eduroam-1000,797,0:00:00.000014,0:00:00.002847,609,4
marvin-wsl-eduroam,marvin-wsl-eduroam-1000,798,0:00:00.000011,0:00:00.003816,609,4
marvin-wsl-eduroam,marvin-wsl-eduroam-1000,799,0:00:00.000009,0:00:00.003273,609,4
marvin-wsl-eduroam,marvin-wsl-eduroam-1000,800,0:00:00.000010,0:00:00.005051,609,4
marvin-wsl-eduroam,marvin-wsl-eduroam-1000,801,0:00:00.000015,0:00:00.002954,609,4
marvin-wsl-eduroam,marvin-wsl-eduroam-1000,802,0:00:00.000009,0:00:00.002386,609,4
marvin-wsl-eduroam,marvin-wsl-eduroam-1000,803,0:00:00.000010,0:00:00.003640,609,4
marvin-wsl-eduroam,marvin-wsl-eduroam-1000,804,0:00:00.000009,0:00:00.002749,609,4
marvin-wsl-eduroam,marvin-wsl-eduroam-1000,805,0:00:00.000010,0:00:00.002495,609,4
marvin-wsl-eduroam,marvin-wsl-eduroam-1000,806,0:00:00.000011,0:00:00.003820,609,4
marvin-wsl-eduroam,marvin-wsl-eduroam-1000,807,0:00:00.000009,0:00:00.003288,609,4
marvin-wsl-eduroam,marvin-wsl-eduroam-1000,808,0:00:00.000010,0:00:00.002974,609,4
marvin-wsl-eduroam,marvin-wsl-eduroam-1000,809,0:00:00.000009,0:00:00.002828,609,4
marvin-wsl-eduroam,marvin-wsl-eduroam-1000,810,0:00:00.000012,0:00:00.004254,609,4
marvin-wsl-eduroam,marvin-wsl-eduroam-1000,811,0:00:00.000014,0:00:00.003105,609,4
marvin-wsl-eduroam,marvin-wsl-eduroam-1000,812,0:00:00.000010,0:00:00.003781,609,4
marvin-wsl-eduroam,marvin-wsl-eduroam-1000,813,0:00:00.000009,0:00:00.002703,609,4
marvin-wsl-eduroam,marvin-wsl-eduroam-1000,814,0:00:00.000016,0:00:00.007273,609,4
marvin-wsl-eduroam,marvin-wsl-eduroam-1000,815,0:00:00.000011,0:00:00.002746,609,4
marvin-wsl-eduroam,marvin-wsl-eduroam-1000,816,0:00:00.000009,0:00:00.002934,609,4
marvin-wsl-eduroam,marvin-wsl-eduroam-1000,817,0:00:00.000010,0:00:00.008155,609,4
marvin-wsl-eduroam,marvin-wsl-eduroam-1000,818,0:00:00.000028,0:00:00.005932,609,4
marvin-wsl-eduroam,marvin-wsl-eduroam-1000,819,0:00:00.000020,0:00:00.002728,609,4
marvin-wsl-eduroam,marvin-wsl-eduroam-1000,820,0:00:00.000010,0:00:00.002949,609,4
marvin-wsl-eduroam,marvin-wsl-eduroam-1000,821,0:00:00.000010,0:00:00.002926,609,4
marvin-wsl-eduroam,marvin-wsl-eduroam-1000,822,0:00:00.000010,0:00:00.003718,609,4
marvin-wsl-eduroam,marvin-wsl-eduroam-1000,823,0:00:00.000010,0:00:00.005441,609,4
marvin-wsl-eduroam,marvin-wsl-eduroam-1000,824,0:00:00.000010,0:00:00.003122,609,4
marvin-wsl-eduroam,marvin-wsl-eduroam-1000,825,0:00:00.000009,0:00:00.002445,609,4
marvin-wsl-eduroam,marvin-wsl-eduroam-1000,826,0:00:00.000009,0:00:00.003198,609,4
marvin-wsl-eduroam,marvin-wsl-eduroam-1000,827,0:00:00.000009,0:00:00.002513,609,4
marvin-wsl-eduroam,marvin-wsl-eduroam-1000,828,0:00:00.000010,0:00:00.002361,609,4
marvin-wsl-eduroam,marvin-wsl-eduroam-1000,829,0:00:00.000009,0,timed out,4
marvin-wsl-eduroam,marvin-wsl-eduroam-1000,830,0:00:00.000049,0:00:00.005035,609,4
marvin-wsl-eduroam,marvin-wsl-eduroam-1000,831,0:00:00.000017,0:00:00.004001,609,4
marvin-wsl-eduroam,marvin-wsl-eduroam-1000,832,0:00:00.000023,0:00:00.005122,609,4
marvin-wsl-eduroam,marvin-wsl-eduroam-1000,833,0:00:00.000028,0:00:00.004702,609,4
marvin-wsl-eduroam,marvin-wsl-eduroam-1000,834,0:00:00.000013,0:00:00.003423,609,4
marvin-wsl-eduroam,marvin-wsl-eduroam-1000,835,0:00:00.000036,0:00:00.003404,609,4
marvin-wsl-eduroam,marvin-wsl-eduroam-1000,836,0:00:00.000015,0:00:00.004096,609,4
marvin-wsl-eduroam,marvin-wsl-eduroam-1000,837,0:00:00.000024,0:00:00.004874,609,4
marvin-wsl-eduroam,marvin-wsl-eduroam-1000,838,0:00:00.000018,0:00:00.004234,609,4
marvin-wsl-eduroam,marvin-wsl-eduroam-1000,839,0:00:00.000009,0:00:00.003587,609,4
marvin-wsl-eduroam,marvin-wsl-eduroam-1000,840,0:00:00.000020,0:00:00.004102,609,4
marvin-wsl-eduroam,marvin-wsl-eduroam-1000,841,0:00:00.000020,0:00:00.003205,609,4
marvin-wsl-eduroam,marvin-wsl-eduroam-1000,842,0:00:00.000007,0:00:00.003507,609,4
marvin-wsl-eduroam,marvin-wsl-eduroam-1000,843,0:00:00.000010,0:00:00.003451,609,4
marvin-wsl-eduroam,marvin-wsl-eduroam-1000,844,0:00:00.000021,0:00:00.003783,609,4
marvin-wsl-eduroam,marvin-wsl-eduroam-1000,845,0:00:00.000028,0:00:00.002973,609,4
marvin-wsl-eduroam,marvin-wsl-eduroam-1000,846,0:00:00.000016,0:00:00.003274,609,4
marvin-wsl-eduroam,marvin-wsl-eduroam-1000,847,0:00:00.000011,0:00:00.006349,609,4
marvin-wsl-eduroam,marvin-wsl-eduroam-1000,848,0:00:00.000020,0:00:00.004228,609,4
marvin-wsl-eduroam,marvin-wsl-eduroam-1000,849,0:00:00.000017,0:00:00.002800,609,4
marvin-wsl-eduroam,marvin-wsl-eduroam-1000,850,0:00:00.000010,0:00:00.003392,609,4
marvin-wsl-eduroam,marvin-wsl-eduroam-1000,851,0:00:00.000038,0:00:00.003583,609,4
marvin-wsl-eduroam,marvin-wsl-eduroam-1000,852,0:00:00.000038,0:00:00.002871,609,4
marvin-wsl-eduroam,marvin-wsl-eduroam-1000,853,0:00:00.000014,0:00:00.003003,609,4
marvin-wsl-eduroam,marvin-wsl-eduroam-1000,854,0:00:00.000016,0:00:00.003393,609,4
marvin-wsl-eduroam,marvin-wsl-eduroam-1000,855,0:00:00.000021,0:00:00.002753,609,4
marvin-wsl-eduroam,marvin-wsl-eduroam-1000,856,0:00:00.000017,0:00:00.003729,609,4
marvin-wsl-eduroam,marvin-wsl-eduroam-1000,857,0:00:00.000038,0:00:00.004551,609,4
marvin-wsl-eduroam,marvin-wsl-eduroam-1000,858,0:00:00.000077,0:00:00.004522,609,4
marvin-wsl-eduroam,marvin-wsl-eduroam-1000,859,0:00:00.000025,0:00:00.004287,609,4
marvin-wsl-eduroam,marvin-wsl-eduroam-1000,860,0:00:00.000029,0:00:00.004277,609,4
marvin-wsl-eduroam,marvin-wsl-eduroam-1000,861,0:00:00.000026,0:00:00.003081,609,4
marvin-wsl-eduroam,marvin-wsl-eduroam-1000,862,0:00:00.000044,0:00:00.002873,609,4
marvin-wsl-eduroam,marvin-wsl-eduroam-1000,863,0:00:00.000024,0:00:00.003510,609,4
marvin-wsl-eduroam,marvin-wsl-eduroam-1000,864,0:00:00.000021,0:00:00.004028,609,4
marvin-wsl-eduroam,marvin-wsl-eduroam-1000,865,0:00:00.000035,0:00:00.003163,609,4
marvin-wsl-eduroam,marvin-wsl-eduroam-1000,866,0:00:00.000032,0:00:00.002521,609,4
marvin-wsl-eduroam,marvin-wsl-eduroam-1000,867,0:00:00.000021,0:00:00.005170,609,4
marvin-wsl-eduroam,marvin-wsl-eduroam-1000,868,0:00:00.000023,0:00:00.002862,609,4
marvin-wsl-eduroam,marvin-wsl-eduroam-1000,869,0:00:00.000023,0:00:00.007281,609,4
marvin-wsl-eduroam,marvin-wsl-eduroam-1000,870,0:00:00.000024,0:00:00.004760,609,4
marvin-wsl-eduroam,marvin-wsl-eduroam-1000,871,0:00:00.000060,0:00:00.003231,609,4
marvin-wsl-eduroam,marvin-wsl-eduroam-1000,872,0:00:00.000025,0:00:00.003178,609,4
marvin-wsl-eduroam,marvin-wsl-eduroam-1000,873,0:00:00.000025,0:00:00.005381,609,4
marvin-wsl-eduroam,marvin-wsl-eduroam-1000,874,0:00:00.000025,0:00:00.004994,609,4
marvin-wsl-eduroam,marvin-wsl-eduroam-1000,875,0:00:00.000028,0:00:00.005300,609,4
marvin-wsl-eduroam,marvin-wsl-eduroam-1000,876,0:00:00.000021,0:00:00.003372,609,4
marvin-wsl-eduroam,marvin-wsl-eduroam-1000,877,0:00:00.000038,0:00:00.002902,609,4
marvin-wsl-eduroam,marvin-wsl-eduroam-1000,878,0:00:00.000021,0:00:00.003254,609,4
marvin-wsl-eduroam,marvin-wsl-eduroam-1000,879,0:00:00.000048,0:00:00.002628,609,4
marvin-wsl-eduroam,marvin-wsl-eduroam-1000,880,0:00:00.000023,0:00:00.002930,609,4
marvin-wsl-eduroam,marvin-wsl-eduroam-1000,881,0:00:00.000024,0:00:00.003484,609,4
marvin-wsl-eduroam,marvin-wsl-eduroam-1000,882,0:00:00.000021,0:00:00.003237,609,4
marvin-wsl-eduroam,marvin-wsl-eduroam-1000,883,0:00:00.000022,0:00:00.003221,609,4
marvin-wsl-eduroam,marvin-wsl-eduroam-1000,884,0:00:00.000027,0:00:00.002049,609,4
marvin-wsl-eduroam,marvin-wsl-eduroam-1000,885,0:00:00.000023,0:00:00.002404,609,4
marvin-wsl-eduroam,marvin-wsl-eduroam-1000,886,0:00:00.000034,0:00:00.003262,609,4
marvin-wsl-eduroam,marvin-wsl-eduroam-1000,887,0:00:00.000022,0:00:00.002397,609,4
marvin-wsl-eduroam,marvin-wsl-eduroam-1000,888,0:00:00.000047,0:00:00.003292,609,4
marvin-wsl-eduroam,marvin-wsl-eduroam-1000,889,0:00:00.000021,0:00:00.002514,609,4
marvin-wsl-eduroam,marvin-wsl-eduroam-1000,890,0:00:00.000017,0:00:00.002666,609,4
marvin-wsl-eduroam,marvin-wsl-eduroam-1000,891,0:00:00.000022,0:00:00.003997,609,4
marvin-wsl-eduroam,marvin-wsl-eduroam-1000,892,0:00:00.000029,0:00:00.003232,609,4
marvin-wsl-eduroam,marvin-wsl-eduroam-1000,893,0:00:00.000023,0:00:00.003200,609,4
marvin-wsl-eduroam,marvin-wsl-eduroam-1000,894,0:00:00.000043,0:00:00.002491,609,4
marvin-wsl-eduroam,marvin-wsl-eduroam-1000,895,0:00:00.000022,0:00:00.004297,609,4
marvin-wsl-eduroam,marvin-wsl-eduroam-1000,896,0:00:00.000023,0:00:00.003586,609,4
marvin-wsl-eduroam,marvin-wsl-eduroam-1000,897,0:00:00.000021,0:00:00.003057,609,4
marvin-wsl-eduroam,marvin-wsl-eduroam-1000,898,0:00:00.000023,0:00:00.003085,609,4
marvin-wsl-eduroam,marvin-wsl-eduroam-1000,899,0:00:00.000021,0:00:00.002497,609,4
marvin-wsl-eduroam,marvin-wsl-eduroam-1000,900,0:00:00.000017,0:00:00.003820,609,4
marvin-wsl-eduroam,marvin-wsl-eduroam-1000,901,0:00:00.000019,0:00:00.003354,609,4
marvin-wsl-eduroam,marvin-wsl-eduroam-1000,902,0:00:00.000037,0:00:00.002671,609,4
marvin-wsl-eduroam,marvin-wsl-eduroam-1000,903,0:00:00.000023,0:00:00.006907,609,4
marvin-wsl-eduroam,marvin-wsl-eduroam-1000,904,0:00:00.000023,0:00:00.002974,609,4
marvin-wsl-eduroam,marvin-wsl-eduroam-1000,905,0:00:00.000020,0:00:00.003771,609,4
marvin-wsl-eduroam,marvin-wsl-eduroam-1000,906,0:00:00.000020,0:00:00.003869,609,4
marvin-wsl-eduroam,marvin-wsl-eduroam-1000,907,0:00:00.000023,0:00:00.003912,609,4
marvin-wsl-eduroam,marvin-wsl-eduroam-1000,908,0:00:00.000021,0:00:00.004482,609,4
marvin-wsl-eduroam,marvin-wsl-eduroam-1000,909,0:00:00.000038,0:00:00.002593,609,4
marvin-wsl-eduroam,marvin-wsl-eduroam-1000,910,0:00:00.000013,0:00:00.002786,609,4
marvin-wsl-eduroam,marvin-wsl-eduroam-1000,911,0:00:00.000011,0:00:00.003369,609,4
marvin-wsl-eduroam,marvin-wsl-eduroam-1000,912,0:00:00.000013,0:00:00.002519,609,4
marvin-wsl-eduroam,marvin-wsl-eduroam-1000,913,0:00:00.000007,0:00:00.003372,609,4
marvin-wsl-eduroam,marvin-wsl-eduroam-1000,914,0:00:00.000024,0:00:00.002719,609,4
marvin-wsl-eduroam,marvin-wsl-eduroam-1000,915,0:00:00.000008,0:00:00.004984,609,4
marvin-wsl-eduroam,marvin-wsl-eduroam-1000,916,0:00:00.000015,0:00:00.002866,609,4
marvin-wsl-eduroam,marvin-wsl-eduroam-1000,917,0:00:00.000008,0:00:00.003294,609,4
marvin-wsl-eduroam,marvin-wsl-eduroam-1000,918,0:00:00.000019,0:00:00.003434,609,4
marvin-wsl-eduroam,marvin-wsl-eduroam-1000,919,0:00:00.000017,0:00:00.003195,609,4
marvin-wsl-eduroam,marvin-wsl-eduroam-1000,920,0:00:00.000020,0:00:00.003080,609,4
marvin-wsl-eduroam,marvin-wsl-eduroam-1000,921,0:00:00.000008,0:00:00.002532,609,4
marvin-wsl-eduroam,marvin-wsl-eduroam-1000,922,0:00:00.000013,0:00:00.003415,609,4
marvin-wsl-eduroam,marvin-wsl-eduroam-1000,923,0:00:00.000023,0:00:00.003229,609,4
marvin-wsl-eduroam,marvin-wsl-eduroam-1000,924,0:00:00.000054,0:00:00.005120,609,4
marvin-wsl-eduroam,marvin-wsl-eduroam-1000,925,0:00:00.000023,0:00:00.003045,609,4
marvin-wsl-eduroam,marvin-wsl-eduroam-1000,926,0:00:00.000064,0:00:00.003271,609,4
marvin-wsl-eduroam,marvin-wsl-eduroam-1000,927,0:00:00.000021,0:00:00.003644,609,4
marvin-wsl-eduroam,marvin-wsl-eduroam-1000,928,0:00:00.000052,0:00:00.007422,609,4
marvin-wsl-eduroam,marvin-wsl-eduroam-1000,929,0:00:00.000022,0:00:00.003157,609,4
marvin-wsl-eduroam,marvin-wsl-eduroam-1000,930,0:00:00.000014,0:00:00.008381,609,4
marvin-wsl-eduroam,marvin-wsl-eduroam-1000,931,0:00:00.000048,0:00:00.002889,609,4
marvin-wsl-eduroam,marvin-wsl-eduroam-1000,932,0:00:00.000054,0:00:00.002322,609,4
marvin-wsl-eduroam,marvin-wsl-eduroam-1000,933,0:00:00.000012,0:00:00.003809,609,4
marvin-wsl-eduroam,marvin-wsl-eduroam-1000,934,0:00:00.000018,0:00:00.003578,609,4
marvin-wsl-eduroam,marvin-wsl-eduroam-1000,935,0:00:00.000032,0:00:00.002744,609,4
marvin-wsl-eduroam,marvin-wsl-eduroam-1000,936,0:00:00.000018,0:00:00.005857,609,4
marvin-wsl-eduroam,marvin-wsl-eduroam-1000,937,0:00:00.000021,0,timed out,4
marvin-wsl-eduroam,marvin-wsl-eduroam-1000,938,0:00:00.000076,0:00:00.003221,609,4
marvin-wsl-eduroam,marvin-wsl-eduroam-1000,939,0:00:00.000057,0:00:00.003237,609,4
marvin-wsl-eduroam,marvin-wsl-eduroam-1000,940,0:00:00.000015,0:00:00.002825,609,4
marvin-wsl-eduroam,marvin-wsl-eduroam-1000,941,0:00:00.000042,0:00:00.002867,609,4
marvin-wsl-eduroam,marvin-wsl-eduroam-1000,942,0:00:00.000013,0:00:00.003444,609,4
marvin-wsl-eduroam,marvin-wsl-eduroam-1000,943,0:00:00.000009,0:00:00.002731,609,4
marvin-wsl-eduroam,marvin-wsl-eduroam-1000,944,0:00:00.000024,0:00:00.003507,609,4
marvin-wsl-eduroam,marvin-wsl-eduroam-1000,945,0:00:00.000039,0:00:00.002979,609,4
marvin-wsl-eduroam,marvin-wsl-eduroam-1000,946,0:00:00.000030,0:00:00.003014,609,4
marvin-wsl-eduroam,marvin-wsl-eduroam-1000,947,0:00:00.000020,0:00:00.003365,609,4
marvin-wsl-eduroam,marvin-wsl-eduroam-1000,948,0:00:00.000030,0:00:00.002529,609,4
marvin-wsl-eduroam,marvin-wsl-eduroam-1000,949,0:00:00.000015,0:00:00.003177,609,4
marvin-wsl-eduroam,marvin-wsl-eduroam-1000,950,0:00:00.000014,0:00:00.003563,609,4
marvin-wsl-eduroam,marvin-wsl-eduroam-1000,951,0:00:00.000018,0:00:00.003933,609,4
marvin-wsl-eduroam,marvin-wsl-eduroam-1000,952,0:00:00.000019,0:00:00.003316,609,4
marvin-wsl-eduroam,marvin-wsl-eduroam-1000,953,0:00:00.000021,0:00:00.002882,609,4
marvin-wsl-eduroam,marvin-wsl-eduroam-1000,954,0:00:00.000014,0:00:00.003136,609,4
marvin-wsl-eduroam,marvin-wsl-eduroam-1000,955,0:00:00.000025,0:00:00.002581,609,4
marvin-wsl-eduroam,marvin-wsl-eduroam-1000,956,0:00:00.000016,0:00:00.005683,609,4
marvin-wsl-eduroam,marvin-wsl-eduroam-1000,957,0:00:00.000020,0:00:00.003190,609,4
marvin-wsl-eduroam,marvin-wsl-eduroam-1000,958,0:00:00.000016,0:00:00.003199,609,4
marvin-wsl-eduroam,marvin-wsl-eduroam-1000,959,0:00:00.000028,0:00:00.002945,609,4
marvin-wsl-eduroam,marvin-wsl-eduroam-1000,960,0:00:00.000021,0:00:00.004132,609,4
marvin-wsl-eduroam,marvin-wsl-eduroam-1000,961,0:00:00.000040,0:00:00.004500,609,4
marvin-wsl-eduroam,marvin-wsl-eduroam-1000,962,0:00:00.000022,0:00:00.005034,609,4
marvin-wsl-eduroam,marvin-wsl-eduroam-1000,963,0:00:00.000015,0:00:00.007757,609,4
marvin-wsl-eduroam,marvin-wsl-eduroam-1000,964,0:00:00.000022,0:00:00.002760,609,4
marvin-wsl-eduroam,marvin-wsl-eduroam-1000,965,0:00:00.000017,0:00:00.003533,609,4
marvin-wsl-eduroam,marvin-wsl-eduroam-1000,966,0:00:00.000015,0:00:00.004409,609,4
marvin-wsl-eduroam,marvin-wsl-eduroam-1000,967,0:00:00.000021,0:00:00.003053,609,4
marvin-wsl-eduroam,marvin-wsl-eduroam-1000,968,0:00:00.000016,0:00:00.002695,609,4
marvin-wsl-eduroam,marvin-wsl-eduroam-1000,969,0:00:00.000017,0:00:00.002774,609,4
marvin-wsl-eduroam,marvin-wsl-eduroam-1000,970,0:00:00.000008,0:00:00.002298,609,4
marvin-wsl-eduroam,marvin-wsl-eduroam-1000,971,0:00:00.000022,0:00:00.003137,609,4
marvin-wsl-eduroam,marvin-wsl-eduroam-1000,972,0:00:00.000021,0:00:00.002560,609,4
marvin-wsl-eduroam,marvin-wsl-eduroam-1000,973,0:00:00.000013,0:00:00.003217,609,4
marvin-wsl-eduroam,marvin-wsl-eduroam-1000,974,0:00:00.000021,0:00:00.002671,609,4
marvin-wsl-eduroam,marvin-wsl-eduroam-1000,975,0:00:00.000010,0:00:00.003469,609,4
marvin-wsl-eduroam,marvin-wsl-eduroam-1000,976,0:00:00.000058,0:00:00.003259,609,4
marvin-wsl-eduroam,marvin-wsl-eduroam-1000,977,0:00:00.000011,0:00:00.004362,609,4
marvin-wsl-eduroam,marvin-wsl-eduroam-1000,978,0:00:00.000021,0:00:00.002591,609,4
marvin-wsl-eduroam,marvin-wsl-eduroam-1000,979,0:00:00.000014,0:00:00.002624,609,4
marvin-wsl-eduroam,marvin-wsl-eduroam-1000,980,0:00:00.000014,0:00:00.003399,609,4
marvin-wsl-eduroam,marvin-wsl-eduroam-1000,981,0:00:00.000011,0:00:00.002660,609,4
marvin-wsl-eduroam,marvin-wsl-eduroam-1000,982,0:00:00.000017,0:00:00.004300,609,4
marvin-wsl-eduroam,marvin-wsl-eduroam-1000,983,0:00:00.000028,0:00:00.003373,609,4
marvin-wsl-eduroam,marvin-wsl-eduroam-1000,984,0:00:00.000027,0:00:00.002476,609,4
marvin-wsl-eduroam,marvin-wsl-eduroam-1000,985,0:00:00.000015,0:00:00.006672,609,4
marvin-wsl-eduroam,marvin-wsl-eduroam-1000,986,0:00:00.000021,0:00:00.003907,609,4
marvin-wsl-eduroam,marvin-wsl-eduroam-1000,987,0:00:00.000022,0:00:00.002016,609,4
marvin-wsl-eduroam,marvin-wsl-eduroam-1000,988,0:00:00.000016,0:00:00.003869,609,4
marvin-wsl-eduroam,marvin-wsl-eduroam-1000,989,0:00:00.000011,0:00:00.003963,609,4
marvin-wsl-eduroam,marvin-wsl-eduroam-1000,990,0:00:00.000011,0:00:00.003667,609,4
marvin-wsl-eduroam,marvin-wsl-eduroam-1000,991,0:00:00.000040,0:00:00.002814,609,4
marvin-wsl-eduroam,marvin-wsl-eduroam-1000,992,0:00:00.000016,0:00:00.008627,609,4
marvin-wsl-eduroam,marvin-wsl-eduroam-1000,993,0:00:00.000042,0:00:00.006581,609,4
marvin-wsl-eduroam,marvin-wsl-eduroam-1000,994,0:00:00.000023,0:00:00.004208,609,4
marvin-wsl-eduroam,marvin-wsl-eduroam-1000,995,0:00:00.000032,0:00:00.004558,609,4
marvin-wsl-eduroam,marvin-wsl-eduroam-1000,996,0:00:00.000032,0:00:00.003628,609,4
marvin-wsl-eduroam,marvin-wsl-eduroam-1000,997,0:00:00.000022,0:00:00.004119,609,4
marvin-wsl-eduroam,marvin-wsl-eduroam-1000,998,0:00:00.000019,0:00:00.002500,609,4
marvin-wsl-eduroam,marvin-wsl-eduroam-1000,999,0:00:00.000054,0:00:00.002904,609,4
